alert_id,coleta_utc,data,hora_utc,hora_brt,dia_semana,latitude,longitude,tipo,subtipo,sentido_via,confiabilidade,thumbs_up,rua,descricao,emissao_utc,emissao_brt
548398336,2026-04-07 02:57:33,2026-04-06,02:57,23:57,Monday,-23.602894,-46.627851,HAZARD,HAZARD_ON_ROAD_POT_HOLE,Sentido ABC (Sul),10,12,R. Ouvidor Peleja,,,
548990661,2026-04-07 02:57:33,2026-04-06,02:57,23:57,Monday,-23.602328,-46.613892,HAZARD,HAZARD_ON_ROAD_POT_HOLE,Sentido ABC (Sul),5,0,R. Salvador Simões,,,
548947131,2026-04-07 02:57:33,2026-04-06,02:57,23:57,Monday,-23.598939,-46.616733,POLICE,,Sentido ABC (Sul),5,0,R. Cel. Domingos Ferreira,,,
548985397,2026-04-07 02:57:33,2026-04-06,02:57,23:57,Monday,-23.57155,-46.624147,HAZARD,HAZARD_ON_ROAD_POT_HOLE,Sentido ABC (Sul),7,2,R. Antônio Tavares,,,
540580766,2026-04-07 02:57:33,2026-04-06,02:57,23:57,Monday,-23.565144,-46.609221,HAZARD,HAZARD_ON_ROAD_POT_HOLE,Sentido Centro (Norte),10,35,R. Pres. Costa Pinto,,,
536879666,2026-04-07 02:57:33,2026-04-06,02:57,23:57,Monday,-23.563589,-46.612388,HAZARD,HAZARD_ON_ROAD_POT_HOLE,Sentido Centro (Norte),10,11,Pç. Alberto Lion,,,
548945649,2026-04-07 02:57:33,2026-04-06,02:57,23:57,Monday,-23.600495,-46.622377,HAZARD,HAZARD_ON_ROAD_POT_HOLE,Sentido ABC (Sul),7,2,R. Santa Cruz,,,
547862095,2026-04-07 02:57:33,2026-04-06,02:57,23:57,Monday,-23.594207,-46.629186,HAZARD,HAZARD_ON_ROAD_POT_HOLE,Sentido ABC (Sul),10,14,R. Dr. Barros Cruz,,,
548858399,2026-04-07 02:57:33,2026-04-06,02:57,23:57,Monday,-23.583857,-46.60769,HAZARD,HAZARD_ON_SHOULDER_CAR_STOPPED,Sentido Centro (Norte),5,0,R. Bom Pastor,,,
548906728,2026-04-07 02:57:33,2026-04-06,02:57,23:57,Monday,-23.578618,-46.611646,HAZARD,HAZARD_ON_ROAD_POT_HOLE,Sentido Centro (Norte),10,9,Av. Dr. Ricardo Jafet,,,
544401112,2026-04-07 02:57:33,2026-04-06,02:57,23:57,Monday,-23.55798,-46.617807,HAZARD,HAZARD_ON_ROAD_POT_HOLE,Sentido ABC (Sul),10,12,Av. do Estado - Pista Lateral,,,
548959403,2026-04-07 02:57:33,2026-04-06,02:57,23:57,Monday,-23.564481,-46.617335,HAZARD,HAZARD_ON_ROAD_POT_HOLE,Sentido ABC (Sul),10,7,R. Clímaco Barbosa,,,
547425385,2026-04-07 02:57:33,2026-04-06,02:57,23:57,Monday,-23.570078,-46.595673,HAZARD,HAZARD_ON_ROAD_POT_HOLE,Sentido Centro (Norte),10,18,R. Barão de Monte Santo,,,
539978442,2026-04-07 02:57:33,2026-04-06,02:57,23:57,Monday,-23.572897,-46.611069,HAZARD,HAZARD_ON_ROAD_POT_HOLE,Sentido Centro (Norte),10,23,Av. D. Pedro I - Pista Lateral,,,
548799133,2026-04-07 02:57:33,2026-04-06,02:57,23:57,Monday,-23.567432,-46.598311,HAZARD,HAZARD_ON_ROAD_CONSTRUCTION,Sentido Centro (Norte),10,6,R. D. Joaquim de Melo,,,
548385920,2026-04-07 02:57:33,2026-04-06,02:57,23:57,Monday,-23.55898,-46.615147,HAZARD,HAZARD_ON_ROAD_POT_HOLE,Sentido ABC (Sul),10,5,Av. do Estado - Pista Lateral,,,
548990489,2026-04-07 02:57:33,2026-04-06,02:57,23:57,Monday,-23.552602,-46.619009,HAZARD,HAZARD_ON_ROAD_POT_HOLE,Sentido ABC (Sul),6,1,Av. Alcântara Machado,,,
548526041,2026-04-07 02:57:33,2026-04-06,02:57,23:57,Monday,-23.553016,-46.602999,HAZARD,HAZARD_ON_ROAD_POT_HOLE,Sentido Centro (Norte),8,3,R. dos Trilhos,,,
724812192,2026-04-07 02:57:33,2026-04-06,02:57,23:57,Monday,-23.550318,-46.606463,HAZARD,HAZARD_ON_ROAD_POT_HOLE,Sentido Centro (Norte),10,277,Av. Alcântara Machado,,,
548651390,2026-04-07 02:57:33,2026-04-06,02:57,23:57,Monday,-23.578558,-46.600269,HAZARD,HAZARD_ON_ROAD_POT_HOLE,Sentido Centro (Norte),10,12,Av. do Estado,,,
725402665,2026-04-07 02:57:33,2026-04-06,02:57,23:57,Monday,-23.580603,-46.599753,HAZARD,HAZARD_ON_ROAD_POT_HOLE,Sentido Centro (Norte),10,203,Av. do Estado,,,
547443541,2026-04-07 02:57:33,2026-04-06,02:57,23:57,Monday,-23.580481,-46.599749,HAZARD,HAZARD_ON_ROAD_POT_HOLE,Sentido Centro (Norte),10,7,Av. do Estado,,,
548899901,2026-04-07 02:57:33,2026-04-06,02:57,23:57,Monday,-23.572335,-46.604306,HAZARD,HAZARD_ON_ROAD_POT_HOLE,Sentido Centro (Norte),8,3,Av. do Estado,,,
548738481,2026-04-07 02:57:33,2026-04-06,02:57,23:57,Monday,-23.577987,-46.600575,HAZARD,HAZARD_ON_ROAD_POT_HOLE,Sentido Centro (Norte),10,10,Av. do Estado,,,
549134318,2026-04-07 05:20:24,2026-04-07,05:20,02:20,Tuesday,-23.602388,-46.612034,HAZARD,HAZARD_ON_ROAD_POT_HOLE,Sentido Centro (Norte),9,4,Av. Dr. Gentil de Moura,,,
549337283,2026-04-07 05:20:24,2026-04-07,05:20,02:20,Tuesday,-23.572135,-46.624216,HAZARD,HAZARD_ON_ROAD_POT_HOLE,Sentido ABC (Sul),5,0,Av. Lacerda Franco,,,
549468713,2026-04-07 05:20:24,2026-04-07,05:20,02:20,Tuesday,-23.559958,-46.599926,POLICE,,Sentido Centro (Norte),5,0,Av. Paes de Barros,,,
549157575,2026-04-07 05:20:24,2026-04-07,05:20,02:20,Tuesday,-23.547228,-46.624511,HAZARD,HAZARD_ON_ROAD_POT_HOLE,Sentido ABC (Sul),10,11,Av. Rangel Pestana,,,
549304483,2026-04-07 05:20:24,2026-04-07,05:20,02:20,Tuesday,-23.582861,-46.599764,HAZARD,HAZARD_ON_ROAD_POT_HOLE,Sentido Centro (Norte),9,4,Retorno,,,
549319065,2026-04-07 05:20:24,2026-04-07,05:20,02:20,Tuesday,-23.56358,-46.611376,HAZARD,HAZARD_ON_ROAD_POT_HOLE,Sentido Centro (Norte),5,0,Av. do Estado - Pista Central,,,
549711974,2026-04-07 06:50:02,2026-04-07,06:50,03:50,Tuesday,-23.560572,-46.608408,HAZARD,HAZARD_ON_ROAD_POT_HOLE,Sentido Centro (Norte),9,4,Av. Pres. Wilson,,,
550029598,2026-04-07 06:50:02,2026-04-07,06:50,03:50,Tuesday,-23.55192,-46.621812,HAZARD,HAZARD_ON_ROAD_CONSTRUCTION,Sentido ABC (Sul),6,1,Av. Alcântara Machado - Pista Lateral,,,
550502810,2026-04-07 08:04:52,2026-04-07,08:04,05:04,Tuesday,-23.564116,-46.59671,POLICE,,Sentido Centro (Norte),5,0,Av. Paes de Barros,,,
551005357,2026-04-07 09:18:55,2026-04-07,09:18,06:18,Tuesday,-23.598766,-46.597326,POLICE,,Sentido Centro (Norte),6,1,R. do Grito,,,
551015236,2026-04-07 09:18:55,2026-04-07,09:18,06:18,Tuesday,-23.557954,-46.626794,HAZARD,HAZARD_ON_ROAD_OBJECT,Sentido ABC (Sul),10,5,Av. Prefeito Passos - Pista Esq.,,,
550853122,2026-04-07 09:18:55,2026-04-07,09:18,06:18,Tuesday,-23.558329,-46.626826,HAZARD,HAZARD_ON_ROAD_POT_HOLE,Sentido ABC (Sul),10,5,,,,
550921834,2026-04-07 09:18:55,2026-04-07,09:18,06:18,Tuesday,-23.578284,-46.608596,HAZARD,HAZARD_ON_ROAD_POT_HOLE,Sentido Centro (Norte),7,2,R. Bom Pastor,,,
550989166,2026-04-07 09:18:55,2026-04-07,09:18,06:18,Tuesday,-23.556387,-46.600113,HAZARD,HAZARD_ON_SHOULDER_CAR_STOPPED,Sentido Centro (Norte),7,2,Av. Paes de Barros,,,
550879154,2026-04-07 09:18:55,2026-04-07,09:18,06:18,Tuesday,-23.558525,-46.600266,HAZARD,HAZARD_ON_SHOULDER_CAR_STOPPED,Sentido Centro (Norte),10,15,Av. Paes de Barros,,,
551029712,2026-04-07 09:18:55,2026-04-07,09:18,06:18,Tuesday,-23.562768,-46.600393,HAZARD,HAZARD_ON_ROAD_POT_HOLE,Sentido Centro (Norte),5,0,R. Visconde de Inhomerim,,,
550937022,2026-04-07 09:18:55,2026-04-07,09:18,06:18,Tuesday,-23.549887,-46.628244,POLICE,,Sentido ABC (Sul),10,6,Av. do Estado - Pista Lateral,,,
550941581,2026-04-07 09:18:55,2026-04-07,09:18,06:18,Tuesday,-23.553697,-46.619714,HAZARD,HAZARD_ON_SHOULDER_CAR_STOPPED,Sentido ABC (Sul),5,0,R. da Mooca,,,
550852802,2026-04-07 09:18:55,2026-04-07,09:18,06:18,Tuesday,-23.552622,-46.61716,HAZARD,HAZARD_ON_SHOULDER_CAR_STOPPED,Sentido ABC (Sul),6,0,Vd. Alcântara Machado - Pista Central,,,
550833212,2026-04-07 09:18:55,2026-04-07,09:18,06:18,Tuesday,-23.553794,-46.618324,HAZARD,HAZARD_ON_ROAD_POT_HOLE,Sentido ABC (Sul),10,14,R. da Mooca,,,
551000801,2026-04-07 09:18:55,2026-04-07,09:18,06:18,Tuesday,-23.547349,-46.624634,HAZARD,HAZARD_ON_ROAD_POT_HOLE,Sentido ABC (Sul),5,0,Av. Rangel Pestana,,,
550959208,2026-04-07 09:18:55,2026-04-07,09:18,06:18,Tuesday,-23.568955,-46.608089,POLICE,,Sentido Centro (Norte),10,25,Av. do Estado,,,
550924627,2026-04-07 09:18:55,2026-04-07,09:18,06:18,Tuesday,-23.572971,-46.603804,HAZARD,HAZARD_ON_SHOULDER_CAR_STOPPED,Sentido Centro (Norte),6,1,Av. do Estado,,,
551258023,2026-04-07 10:32:28,2026-04-07,10:32,07:32,Tuesday,-23.602552,-46.604681,HAZARD,HAZARD_ON_ROAD_POT_HOLE,Sentido Centro (Norte),7,1,R. do Parque,,,
551060375,2026-04-07 10:32:28,2026-04-07,10:32,07:32,Tuesday,-23.57997,-46.618646,HAZARD,HAZARD_ON_ROAD_CONSTRUCTION,Sentido ABC (Sul),10,11,R. Mariz e Barros,,,
551008869,2026-04-07 10:32:28,2026-04-07,10:32,07:32,Tuesday,-23.553793,-46.618876,HAZARD,HAZARD_ON_ROAD_POT_HOLE,Sentido ABC (Sul),10,5,R. Oscar Horta,,,
551380164,2026-04-07 10:32:28,2026-04-07,10:32,07:32,Tuesday,-23.60423,-46.596373,HAZARD,HAZARD_ON_ROAD_TRAFFIC_LIGHT_FAULT,Sentido Centro (Norte),5,0,Av. Alm. Delamare,,,
551392190,2026-04-07 10:32:28,2026-04-07,10:32,07:32,Tuesday,-23.593414,-46.629538,ACCIDENT,,Sentido ABC (Sul),6,0,R. Vergueiro,,,
551499237,2026-04-07 10:32:28,2026-04-07,10:32,07:32,Tuesday,-23.558148,-46.626771,HAZARD,HAZARD_ON_ROAD_OBJECT,Sentido ABC (Sul),10,23,Av. Prefeito Passos - Pista Esq.,,,
551471124,2026-04-07 10:32:28,2026-04-07,10:32,07:32,Tuesday,-23.558226,-46.626695,HAZARD,HAZARD_ON_ROAD_OBJECT,Sentido ABC (Sul),7,2,Pç. Nina Rodrigues,,,
551202767,2026-04-07 10:32:28,2026-04-07,10:32,07:32,Tuesday,-23.558584,-46.62718,HAZARD,HAZARD_ON_ROAD_CONSTRUCTION,Sentido ABC (Sul),10,9,R. Junqueira Freire,,,
551182977,2026-04-07 10:32:28,2026-04-07,10:32,07:32,Tuesday,-23.555162,-46.627604,HAZARD,HAZARD_ON_ROAD_TRAFFIC_LIGHT_FAULT,Sentido ABC (Sul),7,1,R. Teixeira Leite,,,
551464037,2026-04-07 10:32:28,2026-04-07,10:32,07:32,Tuesday,-23.555674,-46.627467,HAZARD,HAZARD_ON_ROAD_TRAFFIC_LIGHT_FAULT,Sentido ABC (Sul),6,0,Pç. José Luiz de Melo Malheiro,,,
551245082,2026-04-07 10:32:28,2026-04-07,10:32,07:32,Tuesday,-23.589892,-46.610376,POLICE,,Sentido Centro (Norte),10,11,Av. Nazaré,,,
551564003,2026-04-07 10:32:28,2026-04-07,10:32,07:32,Tuesday,-23.578272,-46.608597,HAZARD,HAZARD_ON_ROAD_POT_HOLE,Sentido Centro (Norte),6,1,R. Bom Pastor,,,
551233731,2026-04-07 10:32:28,2026-04-07,10:32,07:32,Tuesday,-23.582838,-46.597542,HAZARD,HAZARD_ON_SHOULDER_CAR_STOPPED,Sentido Centro (Norte),10,26,Av. Pres. Wilson,,,
551235993,2026-04-07 10:32:28,2026-04-07,10:32,07:32,Tuesday,-23.561555,-46.625957,POLICE,,Sentido ABC (Sul),10,13,R. do Lavapés,,,
551351165,2026-04-07 10:32:28,2026-04-07,10:32,07:32,Tuesday,-23.556402,-46.622656,POLICE,,Sentido ABC (Sul),9,3,R. Leopoldo Miguez,,,
551367481,2026-04-07 10:32:28,2026-04-07,10:32,07:32,Tuesday,-23.565637,-46.603376,HAZARD,HAZARD_ON_SHOULDER_CAR_STOPPED,Sentido Centro (Norte),10,6,R. Borges de Figueiredo,,,
551450907,2026-04-07 10:32:28,2026-04-07,10:32,07:32,Tuesday,-23.548881,-46.629146,POLICE,,Sentido ABC (Sul),10,15,Vd. Antônio Nakashima,,,
551464110,2026-04-07 10:32:28,2026-04-07,10:32,07:32,Tuesday,-23.552222,-46.619508,POLICE,POLICE_HIDING,Sentido ABC (Sul),10,6,Av. Alcântara Machado - Pista Lateral,,,
551377045,2026-04-07 10:32:28,2026-04-07,10:32,07:32,Tuesday,-23.553754,-46.61878,HAZARD,HAZARD_ON_ROAD_POT_HOLE,Sentido ABC (Sul),7,1,R. da Mooca,,,
551250774,2026-04-07 10:32:28,2026-04-07,10:32,07:32,Tuesday,-23.552375,-46.619294,HAZARD,HAZARD_ON_SHOULDER_CAR_STOPPED,Sentido ABC (Sul),7,2,Av. Alcântara Machado - Pista Central,,,
551128434,2026-04-07 10:32:28,2026-04-07,10:32,07:32,Tuesday,-23.552554,-46.617848,HAZARD,HAZARD_ON_SHOULDER_CAR_STOPPED,Sentido ABC (Sul),10,3,Vd. Alcântara Machado - Pista Central,,,
551333947,2026-04-07 10:32:28,2026-04-07,10:32,07:32,Tuesday,-23.553333,-46.606008,HAZARD,HAZARD_ON_ROAD_TRAFFIC_LIGHT_FAULT,Sentido Centro (Norte),5,0,R. João Antônio de Oliveira,,,
551406954,2026-04-07 10:32:28,2026-04-07,10:32,07:32,Tuesday,-23.553281,-46.600319,POLICE,,Sentido Centro (Norte),5,0,R. dos Trilhos - Pista Dir.,,,
551366345,2026-04-07 10:32:28,2026-04-07,10:32,07:32,Tuesday,-23.599541,-46.597751,HAZARD,HAZARD_ON_ROAD_POT_HOLE,Sentido Centro (Norte),8,3,R. das Juntas Provisórias,,,
551343205,2026-04-07 10:32:28,2026-04-07,10:32,07:32,Tuesday,-23.5985,-46.597097,HAZARD,HAZARD_ON_SHOULDER_CAR_STOPPED,Sentido Centro (Norte),10,23,R. das Juntas Provisórias,,,
551295393,2026-04-07 10:32:28,2026-04-07,10:32,07:32,Tuesday,-23.565022,-46.61092,HAZARD,HAZARD_ON_ROAD_CONSTRUCTION,Sentido Centro (Norte),7,0,Av. do Estado,,,
551767687,2026-04-07 11:36:15,2026-04-07,11:36,08:36,Tuesday,-23.60485,-46.604941,HAZARD,HAZARD_ON_ROAD_POT_HOLE,Sentido Centro (Norte),9,4,R. do Lago,,,
551536522,2026-04-07 11:36:15,2026-04-07,11:36,08:36,Tuesday,-23.604888,-46.60028,POLICE,,Sentido Centro (Norte),10,10,,,,
551706753,2026-04-07 11:36:15,2026-04-07,11:36,08:36,Tuesday,-23.579852,-46.606006,POLICE,,Sentido Centro (Norte),6,0,R. dos Sorocabanos,,,
551557852,2026-04-07 11:36:15,2026-04-07,11:36,08:36,Tuesday,-23.597781,-46.625353,HAZARD,HAZARD_ON_ROAD_CONSTRUCTION,Sentido ABC (Sul),8,2,R. Santa Cruz,,,
551719384,2026-04-07 11:36:15,2026-04-07,11:36,08:36,Tuesday,-23.559115,-46.597649,HAZARD,HAZARD_ON_ROAD_CONSTRUCTION,Sentido Centro (Norte),10,7,R. Pe. Raposo,,,
551809284,2026-04-07 11:36:15,2026-04-07,11:36,08:36,Tuesday,-23.571449,-46.624661,ACCIDENT,,Sentido ABC (Sul),10,7,R. Antônio Tavares,,,
551724124,2026-04-07 11:36:15,2026-04-07,11:36,08:36,Tuesday,-23.551771,-46.620025,POLICE,,Sentido ABC (Sul),10,4,R. Visconde de Parnaíba,,,
551681838,2026-04-07 11:36:15,2026-04-07,11:36,08:36,Tuesday,-23.603309,-46.603696,HAZARD,HAZARD_ON_ROAD_POT_HOLE,Sentido Centro (Norte),7,2,R. Ettore Lantieri,,,
551751537,2026-04-07 11:36:15,2026-04-07,11:36,08:36,Tuesday,-23.581447,-46.626188,POLICE,,Sentido ABC (Sul),10,14,Av. Lacerda Franco,,,
551760899,2026-04-07 11:36:15,2026-04-07,11:36,08:36,Tuesday,-23.556326,-46.629383,POLICE,,Sentido ABC (Sul),10,18,Vd. do Glicério,,,
551893985,2026-04-07 11:36:15,2026-04-07,11:36,08:36,Tuesday,-23.554885,-46.628565,POLICE,,Sentido ABC (Sul),10,4,R. Glicério,,,
551633368,2026-04-07 11:36:15,2026-04-07,11:36,08:36,Tuesday,-23.55564,-46.627484,HAZARD,HAZARD_ON_ROAD_TRAFFIC_LIGHT_FAULT,Sentido ABC (Sul),8,0,Pç. José Luiz de Melo Malheiro,,,
551784202,2026-04-07 11:36:15,2026-04-07,11:36,08:36,Tuesday,-23.596713,-46.622447,HAZARD,HAZARD_ON_SHOULDER_CAR_STOPPED,Sentido ABC (Sul),9,3,Av. Dr. Ricardo Jafet,,,
551748371,2026-04-07 11:36:15,2026-04-07,11:36,08:36,Tuesday,-23.595331,-46.621304,HAZARD,HAZARD_ON_ROAD,Sentido ABC (Sul),7,2,Av. Dr. Ricardo Jafet,,,
551774105,2026-04-07 11:36:15,2026-04-07,11:36,08:36,Tuesday,-23.583613,-46.608842,HAZARD,HAZARD_ON_ROAD,Sentido Centro (Norte),9,4,R. dos Patriotas,,,
551761597,2026-04-07 11:36:15,2026-04-07,11:36,08:36,Tuesday,-23.580187,-46.608028,HAZARD,HAZARD_ON_ROAD,Sentido Centro (Norte),9,4,R. Bom Pastor,,,
551707624,2026-04-07 11:36:15,2026-04-07,11:36,08:36,Tuesday,-23.573204,-46.624439,HAZARD,HAZARD_ON_ROAD_CONSTRUCTION,Sentido ABC (Sul),5,0,Av. Lacerda Franco,,,
551664482,2026-04-07 11:36:15,2026-04-07,11:36,08:36,Tuesday,-23.568216,-46.611545,HAZARD,HAZARD_ON_ROAD_POT_HOLE,Sentido Centro (Norte),10,35,Av. D. Pedro I - Pista Lateral,,,
551869072,2026-04-07 11:36:15,2026-04-07,11:36,08:36,Tuesday,-23.574854,-46.62479,HAZARD,HAZARD_ON_ROAD_CONSTRUCTION,Sentido ABC (Sul),6,0,Av. Lacerda Franco,,,
551742108,2026-04-07 11:36:15,2026-04-07,11:36,08:36,Tuesday,-23.563092,-46.607197,HAZARD,HAZARD_ON_SHOULDER_CAR_STOPPED,Sentido Centro (Norte),10,4,Av. Pres. Wilson,,,
551736808,2026-04-07 11:36:15,2026-04-07,11:36,08:36,Tuesday,-23.558888,-46.6153,HAZARD,HAZARD_ON_ROAD_POT_HOLE,Sentido ABC (Sul),6,1,Av. do Estado - Pista Lateral,,,
551807017,2026-04-07 11:36:15,2026-04-07,11:36,08:36,Tuesday,-23.56659,-46.602688,HAZARD,HAZARD_ON_ROAD_TRAFFIC_LIGHT_FAULT,Sentido Centro (Norte),5,0,R. Sarapuí,,,
551740628,2026-04-07 11:36:15,2026-04-07,11:36,08:36,Tuesday,-23.56591,-46.603247,HAZARD,HAZARD_ON_SHOULDER_CAR_STOPPED,Sentido Centro (Norte),10,27,R. Borges de Figueiredo,,,
551683324,2026-04-07 11:36:15,2026-04-07,11:36,08:36,Tuesday,-23.555904,-46.600214,HAZARD,HAZARD_ON_SHOULDER_CAR_STOPPED,Sentido Centro (Norte),5,0,Av. Paes de Barros,,,
551919378,2026-04-07 11:36:15,2026-04-07,11:36,08:36,Tuesday,-23.562796,-46.60049,HAZARD,HAZARD_ON_ROAD_CONSTRUCTION,Sentido Centro (Norte),10,5,R. Visconde de Inhomerim,,,
551802223,2026-04-07 11:36:15,2026-04-07,11:36,08:36,Tuesday,-23.560653,-46.599475,HAZARD,HAZARD_ON_SHOULDER_CAR_STOPPED,Sentido Centro (Norte),6,1,Av. Paes de Barros,,,
551811745,2026-04-07 11:36:15,2026-04-07,11:36,08:36,Tuesday,-23.554445,-46.626775,POLICE,POLICE_HIDING,Sentido ABC (Sul),5,0,,,,
551752995,2026-04-07 11:36:15,2026-04-07,11:36,08:36,Tuesday,-23.549115,-46.629408,POLICE,POLICE_HIDING,Sentido ABC (Sul),10,9,Av. Rangel Pestana,,,
551845092,2026-04-07 11:36:15,2026-04-07,11:36,08:36,Tuesday,-23.553479,-46.624436,HAZARD,HAZARD_ON_SHOULDER_CAR_STOPPED,Sentido ABC (Sul),10,9,Vd. Gov. Roberto Abreu Sodré,,,
551760861,2026-04-07 11:36:15,2026-04-07,11:36,08:36,Tuesday,-23.552226,-46.619473,POLICE,,Sentido ABC (Sul),10,5,Av. Alcântara Machado - Pista Lateral,,,
551792811,2026-04-07 11:36:15,2026-04-07,11:36,08:36,Tuesday,-23.552307,-46.62539,POLICE,,Sentido ABC (Sul),9,2,Vd. Therezinha Zerbini,,,
551733155,2026-04-07 11:36:15,2026-04-07,11:36,08:36,Tuesday,-23.553398,-46.624557,ACCIDENT,,Sentido ABC (Sul),8,2,R. da Mooca,,,
551914371,2026-04-07 11:36:15,2026-04-07,11:36,08:36,Tuesday,-23.553205,-46.625968,POLICE,,Sentido ABC (Sul),10,10,Av. do Estado - Pista Central,,,
551739481,2026-04-07 11:36:15,2026-04-07,11:36,08:36,Tuesday,-23.554227,-46.613871,POLICE,,Sentido ABC (Sul),10,18,R. da Mooca,,,
551738620,2026-04-07 11:36:15,2026-04-07,11:36,08:36,Tuesday,-23.553503,-46.599791,POLICE,POLICE_HIDING,Sentido Centro (Norte),10,5,R. Taquari,,,
551841656,2026-04-07 11:36:15,2026-04-07,11:36,08:36,Tuesday,-23.55329,-46.600239,POLICE,POLICE_HIDING,Sentido Centro (Norte),5,0,R. dos Trilhos - Pista Dir.,,,
551686452,2026-04-07 11:36:15,2026-04-07,11:36,08:36,Tuesday,-23.548219,-46.603008,POLICE,,Sentido Centro (Norte),10,57,Av. Alcântara Machado - Pista Central,,,
551732845,2026-04-07 11:36:15,2026-04-07,11:36,08:36,Tuesday,-23.548261,-46.60263,POLICE,,Sentido Centro (Norte),10,27,Av. Alcântara Machado,,,
551683770,2026-04-07 11:36:15,2026-04-07,11:36,08:36,Tuesday,-23.547952,-46.60278,POLICE,POLICE_HIDING,Sentido Centro (Norte),10,5,Av. Alcântara Machado - Pista Lateral,,,
551928982,2026-04-07 11:36:15,2026-04-07,11:36,08:36,Tuesday,-23.546733,-46.599734,ACCIDENT,,Sentido Centro (Norte),5,0,Av. Alcântara Machado - Pista Lateral,,,
551829412,2026-04-07 11:36:15,2026-04-07,11:36,08:36,Tuesday,-23.561288,-46.622702,HAZARD,HAZARD_ON_ROAD,Sentido ABC (Sul),5,0,,,,
551731786,2026-04-07 11:36:15,2026-04-07,11:36,08:36,Tuesday,-23.603714,-46.602124,ACCIDENT,,Sentido Centro (Norte),5,0,R. Malvina Ferraz Samarone,,,
551904899,2026-04-07 11:36:15,2026-04-07,11:36,08:36,Tuesday,-23.603699,-46.602056,HAZARD,HAZARD_ON_ROAD_CAR_STOPPED,Sentido Centro (Norte),6,1,R. Malvina Ferraz Samarone,,,
551807051,2026-04-07 11:36:15,2026-04-07,11:36,08:36,Tuesday,-23.578692,-46.600211,HAZARD,HAZARD_ON_ROAD_POT_HOLE,Sentido Centro (Norte),5,0,Av. do Estado,,,
551855837,2026-04-07 11:36:15,2026-04-07,11:36,08:36,Tuesday,-23.577494,-46.600867,HAZARD,HAZARD_ON_ROAD_POT_HOLE,Sentido Centro (Norte),7,2,Av. do Estado,,,
551673901,2026-04-07 11:36:15,2026-04-07,11:36,08:36,Tuesday,-23.557102,-46.619556,HAZARD,HAZARD_ON_ROAD_POT_HOLE,Sentido ABC (Sul),10,20,Av. do Estado - Pista Central,,,
551967212,2026-04-07 12:41:50,2026-04-07,12:41,09:41,Tuesday,-23.598786,-46.628408,HAZARD,HAZARD_ON_ROAD,Sentido ABC (Sul),10,5,R. Miguel Andrade Roque,,,
552165904,2026-04-07 12:41:50,2026-04-07,12:41,09:41,Tuesday,-23.569367,-46.628969,POLICE,,Sentido ABC (Sul),6,1,R. Oliveira Peixoto,,,
552275778,2026-04-07 12:41:50,2026-04-07,12:41,09:41,Tuesday,-23.555029,-46.622416,HAZARD,HAZARD_ON_SHOULDER_CAR_STOPPED,Sentido ABC (Sul),7,1,R. Luís Gama,,,
551875672,2026-04-07 12:41:50,2026-04-07,12:41,09:41,Tuesday,-23.568069,-46.625612,HAZARD,HAZARD_ON_ROAD_POT_HOLE,Sentido ABC (Sul),10,8,R. Miguel Teles Júnior,,,
552290807,2026-04-07 12:41:50,2026-04-07,12:41,09:41,Tuesday,-23.60207,-46.609355,POLICE,,Sentido Centro (Norte),5,0,Av. Nazaré,,,
552130857,2026-04-07 12:41:50,2026-04-07,12:41,09:41,Tuesday,-23.555228,-46.627639,HAZARD,HAZARD_ON_ROAD_TRAFFIC_LIGHT_FAULT,Sentido ABC (Sul),5,0,R. Teixeira Leite,,,
552055681,2026-04-07 12:41:50,2026-04-07,12:41,09:41,Tuesday,-23.556926,-46.627353,HAZARD,HAZARD_ON_SHOULDER_CAR_STOPPED,Sentido ABC (Sul),10,5,R. Leopoldo Miguez,,,
552187836,2026-04-07 12:41:50,2026-04-07,12:41,09:41,Tuesday,-23.58384,-46.611497,HAZARD,HAZARD_ON_ROAD_CONSTRUCTION,Sentido Centro (Norte),6,1,R. Eng. Ranulfo Pinheiro Lima,,,
552112537,2026-04-07 12:41:50,2026-04-07,12:41,09:41,Tuesday,-23.595094,-46.603372,HAZARD,HAZARD_ON_ROAD_POT_HOLE,Sentido Centro (Norte),6,1,R. Agostinho Gomes,,,
552087682,2026-04-07 12:41:50,2026-04-07,12:41,09:41,Tuesday,-23.590709,-46.603792,HAZARD,HAZARD_ON_ROAD_POT_HOLE,Sentido Centro (Norte),9,4,R. Agostinho Gomes,,,
552134423,2026-04-07 12:41:50,2026-04-07,12:41,09:41,Tuesday,-23.570166,-46.611325,HAZARD,HAZARD_ON_ROAD_CONSTRUCTION,Sentido Centro (Norte),7,2,Av. D. Pedro I - Pista Lateral,,,
552319619,2026-04-07 12:41:50,2026-04-07,12:41,09:41,Tuesday,-23.571665,-46.607785,POLICE,POLICE_WITH_MOBILE_CAMERA,Sentido Centro (Norte),5,0,Av. Teresa Cristina,,,
551982358,2026-04-07 12:41:50,2026-04-07,12:41,09:41,Tuesday,-23.571419,-46.624069,HAZARD,HAZARD_ON_ROAD_POT_HOLE,Sentido ABC (Sul),5,0,Av. Lacerda Franco,,,
552200335,2026-04-07 12:41:50,2026-04-07,12:41,09:41,Tuesday,-23.557939,-46.617931,HAZARD,HAZARD_ON_ROAD_POT_HOLE,Sentido ABC (Sul),7,2,Av. do Estado - Pista Lateral,,,
552176156,2026-04-07 12:41:50,2026-04-07,12:41,09:41,Tuesday,-23.556995,-46.607565,HAZARD,HAZARD_ON_SHOULDER_CAR_STOPPED,Sentido Centro (Norte),10,12,R. Borges de Figueiredo,,,
552158285,2026-04-07 12:41:50,2026-04-07,12:41,09:41,Tuesday,-23.566959,-46.600613,HAZARD,HAZARD_ON_SHOULDER_CAR_STOPPED,Sentido Centro (Norte),5,0,R. Barão de Monte Santo,,,
552143767,2026-04-07 12:41:50,2026-04-07,12:41,09:41,Tuesday,-23.567815,-46.601725,POLICE,,Sentido Centro (Norte),8,3,Av. Henry Ford,,,
552077336,2026-04-07 12:41:50,2026-04-07,12:41,09:41,Tuesday,-23.548939,-46.629433,POLICE,,Sentido ABC (Sul),5,0,Prq. Dom Pedro II,,,
552197488,2026-04-07 12:41:50,2026-04-07,12:41,09:41,Tuesday,-23.554353,-46.612878,HAZARD,HAZARD_ON_ROAD_TRAFFIC_LIGHT_FAULT,Sentido Centro (Norte),5,0,Vd. Prof. Alberto Mesquita de Camargo,,,
552207280,2026-04-07 12:41:50,2026-04-07,12:41,09:41,Tuesday,-23.554191,-46.614283,HAZARD,HAZARD_ON_ROAD_TRAFFIC_LIGHT_FAULT,Sentido ABC (Sul),5,0,R. da Mooca,,,
552143860,2026-04-07 12:41:50,2026-04-07,12:41,09:41,Tuesday,-23.553782,-46.618458,HAZARD,HAZARD_ON_SHOULDER_CAR_STOPPED,Sentido ABC (Sul),7,2,R. da Mooca,,,
552182726,2026-04-07 12:41:50,2026-04-07,12:41,09:41,Tuesday,-23.550009,-46.625304,POLICE,,Sentido ABC (Sul),10,16,R. da Figueira,,,
552058639,2026-04-07 12:41:50,2026-04-07,12:41,09:41,Tuesday,-23.55329,-46.600243,POLICE,,Sentido Centro (Norte),10,23,R. dos Trilhos - Pista Dir.,,,
552145790,2026-04-07 12:41:50,2026-04-07,12:41,09:41,Tuesday,-23.552965,-46.599912,HAZARD,HAZARD_ON_ROAD_TRAFFIC_LIGHT_FAULT,Sentido Centro (Norte),5,0,R. Bresser,,,
552284221,2026-04-07 12:41:50,2026-04-07,12:41,09:41,Tuesday,-23.546932,-46.597581,HAZARD,HAZARD_ON_ROAD_POT_HOLE,Sentido Centro (Norte),5,0,R. Jaibarás,,,
551940747,2026-04-07 12:41:50,2026-04-07,12:41,09:41,Tuesday,-23.548416,-46.60305,POLICE,,Sentido Centro (Norte),10,12,Av. Alcântara Machado,,,
551999527,2026-04-07 12:41:50,2026-04-07,12:41,09:41,Tuesday,-23.548056,-46.602719,HAZARD,HAZARD_ON_SHOULDER_CAR_STOPPED,Sentido Centro (Norte),10,16,Av. Alcântara Machado - Pista Central,,,
552073845,2026-04-07 12:41:50,2026-04-07,12:41,09:41,Tuesday,-23.547723,-46.59725,HAZARD,HAZARD_ON_ROAD_POT_HOLE,Sentido Centro (Norte),10,7,R. Jaibarás,,,
552182762,2026-04-07 12:41:50,2026-04-07,12:41,09:41,Tuesday,-23.599086,-46.597577,HAZARD,HAZARD_ON_ROAD_CAR_STOPPED,Sentido Centro (Norte),6,1,R. das Juntas Provisórias,,,
552254465,2026-04-07 12:41:50,2026-04-07,12:41,09:41,Tuesday,-23.603688,-46.601964,HAZARD,HAZARD_ON_SHOULDER_CAR_STOPPED,Sentido Centro (Norte),10,46,R. Malvina Ferraz Samarone,,,
552202358,2026-04-07 12:41:50,2026-04-07,12:41,09:41,Tuesday,-23.600084,-46.598012,POLICE,,Sentido Centro (Norte),5,0,R. das Juntas Provisórias,,,
552152654,2026-04-07 12:41:50,2026-04-07,12:41,09:41,Tuesday,-23.582533,-46.59982,POLICE,,Sentido Centro (Norte),10,4,Av. do Estado,,,
552111527,2026-04-07 12:41:50,2026-04-07,12:41,09:41,Tuesday,-23.58715,-46.598058,HAZARD,HAZARD_ON_ROAD_POT_HOLE,Sentido Centro (Norte),5,0,Vd. Gazeta do Ipiranga,,,
552113285,2026-04-07 12:41:50,2026-04-07,12:41,09:41,Tuesday,-23.59853,-46.597472,POLICE,,Sentido Centro (Norte),8,3,R. das Juntas Provisórias,,,
552964685,2026-04-07 14:13:01,2026-04-07,14:13,11:13,Tuesday,-23.591596,-46.607453,HAZARD,HAZARD_ON_SHOULDER_CAR_STOPPED,Sentido Centro (Norte),7,1,R. Moreira de Godói,,,
552595671,2026-04-07 14:13:01,2026-04-07,14:13,11:13,Tuesday,-23.572185,-46.614296,HAZARD,HAZARD_ON_ROAD_POT_HOLE,Sentido ABC (Sul),10,7,R. Ari Cajado,,,
552654177,2026-04-07 14:13:01,2026-04-07,14:13,11:13,Tuesday,-23.571551,-46.613295,HAZARD,HAZARD_ON_ROAD_POT_HOLE,Sentido ABC (Sul),10,5,R. Ari Cajado,,,
552588811,2026-04-07 14:13:01,2026-04-07,14:13,11:13,Tuesday,-23.549491,-46.613982,HAZARD,HAZARD_ON_ROAD_POT_HOLE,Sentido ABC (Sul),10,13,R. Domingos Paiva,,,
552845303,2026-04-07 14:13:01,2026-04-07,14:13,11:13,Tuesday,-23.550794,-46.622291,HAZARD,HAZARD_ON_ROAD_POT_HOLE,Sentido ABC (Sul),7,2,R. Azevedo Jr.,,,
552652850,2026-04-07 14:13:01,2026-04-07,14:13,11:13,Tuesday,-23.555501,-46.627556,HAZARD,HAZARD_ON_ROAD_TRAFFIC_LIGHT_FAULT,Sentido ABC (Sul),5,0,Pç. José Luiz de Melo Malheiro,,,
552872695,2026-04-07 14:13:01,2026-04-07,14:13,11:13,Tuesday,-23.556929,-46.627379,HAZARD,HAZARD_ON_SHOULDER_CAR_STOPPED,Sentido ABC (Sul),8,3,R. Leopoldo Miguez,,,
552707561,2026-04-07 14:13:01,2026-04-07,14:13,11:13,Tuesday,-23.585738,-46.607516,HAZARD,HAZARD_ON_SHOULDER_CAR_STOPPED,Sentido Centro (Norte),10,5,R. Bom Pastor,,,
552433714,2026-04-07 14:13:01,2026-04-07,14:13,11:13,Tuesday,-23.578631,-46.618102,HAZARD,HAZARD_ON_ROAD_POT_HOLE,Sentido ABC (Sul),10,8,R. Basílio da Cunha,,,
552818805,2026-04-07 14:13:01,2026-04-07,14:13,11:13,Tuesday,-23.597951,-46.608669,POLICE,POLICE_HIDING,Sentido Centro (Norte),5,0,R. Antônio Marcondes,,,
552383249,2026-04-07 14:13:01,2026-04-07,14:13,11:13,Tuesday,-23.583872,-46.611797,HAZARD,HAZARD_ON_ROAD_CONSTRUCTION,Sentido Centro (Norte),10,4,R. Eng. Ranulfo Pinheiro Lima,,,
552940379,2026-04-07 14:13:01,2026-04-07,14:13,11:13,Tuesday,-23.583788,-46.610994,HAZARD,HAZARD_ON_ROAD_CONSTRUCTION,Sentido Centro (Norte),10,5,R. dos Patriotas,,,
552849350,2026-04-07 14:13:01,2026-04-07,14:13,11:13,Tuesday,-23.577942,-46.608629,HAZARD,HAZARD_ON_SHOULDER_CAR_STOPPED,Sentido Centro (Norte),10,30,R. Bom Pastor,,,
552886659,2026-04-07 14:13:01,2026-04-07,14:13,11:13,Tuesday,-23.583805,-46.611163,HAZARD,HAZARD_ON_ROAD,Sentido Centro (Norte),5,0,R. Eng. Ranulfo Pinheiro Lima,,,
552730799,2026-04-07 14:13:01,2026-04-07,14:13,11:13,Tuesday,-23.583897,-46.612036,HAZARD,HAZARD_ON_ROAD_POT_HOLE,Sentido Centro (Norte),6,0,R. Eng. Ranulfo Pinheiro Lima,,,
552882622,2026-04-07 14:13:01,2026-04-07,14:13,11:13,Tuesday,-23.569529,-46.611394,HAZARD,HAZARD_ON_ROAD_CONSTRUCTION,Sentido Centro (Norte),7,2,Av. D. Pedro I - Pista Lateral,,,
552960061,2026-04-07 14:13:01,2026-04-07,14:13,11:13,Tuesday,-23.564448,-46.617414,HAZARD,HAZARD_ON_ROAD_POT_HOLE,Sentido ABC (Sul),10,6,R. Clímaco Barbosa,,,
552746018,2026-04-07 14:13:01,2026-04-07,14:13,11:13,Tuesday,-23.567016,-46.6005,POLICE,,Sentido Centro (Norte),10,10,R. Barão de Monte Santo,,,
552771011,2026-04-07 14:13:01,2026-04-07,14:13,11:13,Tuesday,-23.566643,-46.602272,POLICE,,Sentido Centro (Norte),10,6,Av. Henry Ford,,,
552870337,2026-04-07 14:13:01,2026-04-07,14:13,11:13,Tuesday,-23.559288,-46.600251,HAZARD,HAZARD_ON_SHOULDER_CAR_STOPPED,Sentido Centro (Norte),10,13,Av. Paes de Barros,,,
552939887,2026-04-07 14:13:01,2026-04-07,14:13,11:13,Tuesday,-23.545061,-46.626634,POLICE,,Sentido ABC (Sul),5,0,Av. Mercúrio - Pista Esq.,,,
552676625,2026-04-07 14:13:01,2026-04-07,14:13,11:13,Tuesday,-23.554223,-46.613928,HAZARD,HAZARD_ON_SHOULDER_CAR_STOPPED,Sentido ABC (Sul),10,69,R. da Mooca,,,
552630991,2026-04-07 14:13:01,2026-04-07,14:13,11:13,Tuesday,-23.553746,-46.61889,HAZARD,HAZARD_ON_ROAD_POT_HOLE,Sentido ABC (Sul),10,11,R. da Mooca,,,
552706543,2026-04-07 14:13:01,2026-04-07,14:13,11:13,Tuesday,-23.554247,-46.613604,HAZARD,HAZARD_ON_ROAD_TRAFFIC_LIGHT_FAULT,Sentido ABC (Sul),6,0,R. da Mooca,,,
553009267,2026-04-07 14:13:01,2026-04-07,14:13,11:13,Tuesday,-23.552426,-46.618124,HAZARD,HAZARD_ON_SHOULDER_CAR_STOPPED,Sentido ABC (Sul),5,0,Vd. Alcântara Machado - Pista Lateral,,,
552808528,2026-04-07 14:13:01,2026-04-07,14:13,11:13,Tuesday,-23.552649,-46.615177,HAZARD,HAZARD_ON_ROAD,Sentido ABC (Sul),7,1,Av. Alcântara Machado,,,
552823852,2026-04-07 14:13:01,2026-04-07,14:13,11:13,Tuesday,-23.550141,-46.604033,HAZARD,HAZARD_ON_ROAD,Sentido Centro (Norte),6,1,R. João Caetano,,,
552909761,2026-04-07 14:13:01,2026-04-07,14:13,11:13,Tuesday,-23.546992,-46.601087,POLICE,,Sentido Centro (Norte),5,0,Av. Alcântara Machado - Pista Lateral,,,
552716746,2026-04-07 14:13:01,2026-04-07,14:13,11:13,Tuesday,-23.548102,-46.60304,POLICE,,Sentido Centro (Norte),10,12,Av. Alcântara Machado - Pista Lateral,,,
552607144,2026-04-07 14:13:01,2026-04-07,14:13,11:13,Tuesday,-23.586815,-46.598101,HAZARD,HAZARD_ON_ROAD_POT_HOLE,Sentido Centro (Norte),9,4,Vd. Gazeta do Ipiranga,,,
552882025,2026-04-07 14:13:01,2026-04-07,14:13,11:13,Tuesday,-23.565817,-46.61048,HAZARD,HAZARD_ON_ROAD_CONSTRUCTION,Sentido Centro (Norte),5,0,Av. do Estado,,,
552343738,2026-04-07 14:13:01,2026-04-07,14:13,11:13,Tuesday,-23.564981,-46.610951,HAZARD,HAZARD_ON_ROAD_CONSTRUCTION,Sentido Centro (Norte),10,0,Av. do Estado,,,
552642153,2026-04-07 14:13:01,2026-04-07,14:13,11:13,Tuesday,-23.564991,-46.610457,HAZARD,HAZARD_ON_ROAD,Sentido Centro (Norte),8,3,Av. do Estado,,,
552681115,2026-04-07 14:13:01,2026-04-07,14:13,11:13,Tuesday,-23.565142,-46.610368,HAZARD,HAZARD_ON_SHOULDER_CAR_STOPPED,Sentido Centro (Norte),10,4,Av. do Estado,,,
553398864,2026-04-07 15:43:12,2026-04-07,15:43,12:43,Tuesday,-23.597342,-46.628955,POLICE,,Sentido ABC (Sul),9,2,,,,
553635039,2026-04-07 15:43:12,2026-04-07,15:43,12:43,Tuesday,-23.554927,-46.629373,HAZARD,HAZARD_ON_ROAD,Sentido ABC (Sul),7,2,R. dos Estudantes,,,
553440574,2026-04-07 15:43:12,2026-04-07,15:43,12:43,Tuesday,-23.587821,-46.596789,HAZARD,HAZARD_ON_SHOULDER_CAR_STOPPED,Sentido Centro (Norte),5,0,R. das Municipalidades,,,
553636193,2026-04-07 15:43:12,2026-04-07,15:43,12:43,Tuesday,-23.564704,-46.613002,HAZARD,HAZARD_ON_SHOULDER_CAR_STOPPED,Sentido ABC (Sul),5,0,R. Alexandrino da Silveira Bueno,,,
553406280,2026-04-07 15:43:12,2026-04-07,15:43,12:43,Tuesday,-23.552267,-46.603026,HAZARD,HAZARD_ON_SHOULDER_CAR_STOPPED,Sentido Centro (Norte),5,0,R. Itajaí,,,
553441917,2026-04-07 15:43:12,2026-04-07,15:43,12:43,Tuesday,-23.604951,-46.626395,HAZARD,HAZARD_ON_ROAD_TRAFFIC_LIGHT_FAULT,Sentido ABC (Sul),5,0,Av. Prof. Abraão de Morais,,,
553406964,2026-04-07 15:43:12,2026-04-07,15:43,12:43,Tuesday,-23.602168,-46.609396,POLICE,,Sentido Centro (Norte),10,8,Av. Dr. Gentil de Moura,,,
553485875,2026-04-07 15:43:12,2026-04-07,15:43,12:43,Tuesday,-23.60364,-46.625441,POLICE,,Sentido ABC (Sul),10,15,Av. Dr. Ricardo Jafet,,,
553611049,2026-04-07 15:43:12,2026-04-07,15:43,12:43,Tuesday,-23.604964,-46.614476,ACCIDENT,,Sentido ABC (Sul),10,6,R. Vergueiro,,,
553386551,2026-04-07 15:43:12,2026-04-07,15:43,12:43,Tuesday,-23.604459,-46.614549,ACCIDENT,,Sentido ABC (Sul),10,10,R. Vergueiro,,,
553419953,2026-04-07 15:43:12,2026-04-07,15:43,12:43,Tuesday,-23.556218,-46.629041,POLICE,,Sentido ABC (Sul),10,33,Vd. do Glicério,,,
553299149,2026-04-07 15:43:12,2026-04-07,15:43,12:43,Tuesday,-23.588726,-46.597417,POLICE,,Sentido Centro (Norte),10,15,R. Dom Lucas Obes,,,
553562731,2026-04-07 15:43:12,2026-04-07,15:43,12:43,Tuesday,-23.592738,-46.619919,HAZARD,HAZARD_ON_SHOULDER_CAR_STOPPED,Sentido ABC (Sul),5,0,R. Vergueiro,,,
553606882,2026-04-07 15:43:12,2026-04-07,15:43,12:43,Tuesday,-23.58248,-46.599576,POLICE,POLICE_HIDING,Sentido Centro (Norte),5,0,R. dos Patriotas,,,
553528296,2026-04-07 15:43:12,2026-04-07,15:43,12:43,Tuesday,-23.582583,-46.599867,POLICE,,Sentido Centro (Norte),8,3,R. dos Patriotas,,,
553271770,2026-04-07 15:43:12,2026-04-07,15:43,12:43,Tuesday,-23.554747,-46.609709,HAZARD,HAZARD_ON_ROAD_POT_HOLE,Sentido Centro (Norte),10,32,R. da Mooca,,,
553389201,2026-04-07 15:43:12,2026-04-07,15:43,12:43,Tuesday,-23.545649,-46.620988,HAZARD,HAZARD_ON_SHOULDER_CAR_STOPPED,Sentido ABC (Sul),10,6,Av. Rangel Pestana - Pista Dir.,,,
553453428,2026-04-07 15:43:12,2026-04-07,15:43,12:43,Tuesday,-23.547527,-46.624814,HAZARD,HAZARD_ON_ROAD_TRAFFIC_LIGHT_FAULT,Sentido ABC (Sul),5,0,Av. Rangel Pestana,,,
553473553,2026-04-07 15:43:12,2026-04-07,15:43,12:43,Tuesday,-23.547633,-46.601944,HAZARD,HAZARD_ON_SHOULDER_CAR_STOPPED,Sentido Centro (Norte),5,0,Av. Alcântara Machado - Pista Central,,,
553571207,2026-04-07 15:43:12,2026-04-07,15:43,12:43,Tuesday,-23.548281,-46.603352,HAZARD,HAZARD_ON_SHOULDER_CAR_STOPPED,Sentido Centro (Norte),7,1,Av. Alcântara Machado - Pista Lateral,,,
553308884,2026-04-07 15:43:12,2026-04-07,15:43,12:43,Tuesday,-23.547616,-46.597293,HAZARD,HAZARD_ON_ROAD_POT_HOLE,Sentido Centro (Norte),10,15,R. Jaibarás,,,
553520350,2026-04-07 15:43:12,2026-04-07,15:43,12:43,Tuesday,-23.553002,-46.603159,HAZARD,HAZARD_ON_ROAD_POT_HOLE,Sentido Centro (Norte),5,0,R. dos Trilhos,,,
553435158,2026-04-07 15:43:12,2026-04-07,15:43,12:43,Tuesday,-23.579524,-46.599903,HAZARD,HAZARD_ON_ROAD_POT_HOLE,Sentido Centro (Norte),7,2,Av. do Estado,,,
553317625,2026-04-07 15:43:12,2026-04-07,15:43,12:43,Tuesday,-23.579339,-46.599957,HAZARD,HAZARD_ON_ROAD,Sentido Centro (Norte),10,10,Av. do Estado,,,
553597022,2026-04-07 15:43:12,2026-04-07,15:43,12:43,Tuesday,-23.584527,-46.599239,ACCIDENT,,Sentido Centro (Norte),6,1,Av. do Estado,,,
553468313,2026-04-07 15:43:12,2026-04-07,15:43,12:43,Tuesday,-23.585543,-46.598736,HAZARD,HAZARD_ON_SHOULDER_CAR_STOPPED,Sentido Centro (Norte),8,2,Vd. Gazeta do Ipiranga,,,
553572641,2026-04-07 15:43:12,2026-04-07,15:43,12:43,Tuesday,-23.564963,-46.610961,HAZARD,HAZARD_ON_ROAD_CONSTRUCTION,Sentido Centro (Norte),6,1,Av. do Estado,,,
553581112,2026-04-07 15:43:12,2026-04-07,15:43,12:43,Tuesday,-23.565212,-46.61082,HAZARD,HAZARD_ON_SHOULDER_CAR_STOPPED,Sentido Centro (Norte),10,19,Av. do Estado,,,
553699564,2026-04-07 15:43:12,2026-04-07,15:43,12:43,Tuesday,-23.54815,-46.627755,POLICE,POLICE_HIDING,Sentido ABC (Sul),8,3,Av. do Estado,,,
553668282,2026-04-07 16:39:18,2026-04-07,16:39,13:39,Tuesday,-23.557002,-46.603464,HAZARD,HAZARD_ON_ROAD_POT_HOLE,Sentido Centro (Norte),10,5,R. Orville Derby,,,
553802999,2026-04-07 16:39:18,2026-04-07,16:39,13:39,Tuesday,-23.559177,-46.624388,HAZARD,HAZARD_ON_ROAD,Sentido ABC (Sul),8,2,R. Teixeira Mendes,,,
553653727,2026-04-07 16:39:18,2026-04-07,16:39,13:39,Tuesday,-23.558092,-46.60363,HAZARD,HAZARD_ON_ROAD_CONSTRUCTION,Sentido Centro (Norte),10,6,Lg. São Rafael,,,
553952000,2026-04-07 16:39:18,2026-04-07,16:39,13:39,Tuesday,-23.574826,-46.603435,POLICE,POLICE_HIDING,Sentido Centro (Norte),5,0,R. do Manifesto,,,
553853785,2026-04-07 16:39:18,2026-04-07,16:39,13:39,Tuesday,-23.562963,-46.619855,HAZARD,HAZARD_ON_ROAD_POT_HOLE,Sentido ABC (Sul),7,2,R. Barão de Jaguara,,,
553970711,2026-04-07 16:39:18,2026-04-07,16:39,13:39,Tuesday,-23.601807,-46.621091,HAZARD,HAZARD_ON_SHOULDER_CAR_STOPPED,Sentido ABC (Sul),10,8,R. Santa Cruz,,,
554049930,2026-04-07 16:39:18,2026-04-07,16:39,13:39,Tuesday,-23.558156,-46.626768,HAZARD,HAZARD_ON_ROAD_POT_HOLE,Sentido ABC (Sul),10,6,Av. Prefeito Passos - Pista Esq.,,,
553949941,2026-04-07 16:39:18,2026-04-07,16:39,13:39,Tuesday,-23.554862,-46.628552,POLICE,,Sentido ABC (Sul),10,39,R. Glicério,,,
554009902,2026-04-07 16:39:18,2026-04-07,16:39,13:39,Tuesday,-23.583819,-46.611295,HAZARD,HAZARD_ON_ROAD_CONSTRUCTION,Sentido Centro (Norte),10,5,R. Eng. Ranulfo Pinheiro Lima,,,
553845400,2026-04-07 16:39:18,2026-04-07,16:39,13:39,Tuesday,-23.595443,-46.621782,HAZARD,HAZARD_ON_SHOULDER_CAR_STOPPED,Sentido ABC (Sul),6,1,Av. Dr. Ricardo Jafet,,,
553790834,2026-04-07 16:39:18,2026-04-07,16:39,13:39,Tuesday,-23.569691,-46.611375,HAZARD,HAZARD_ON_ROAD_CONSTRUCTION,Sentido Centro (Norte),10,4,Av. D. Pedro I - Pista Lateral,,,
553795842,2026-04-07 16:39:18,2026-04-07,16:39,13:39,Tuesday,-23.570579,-46.611287,HAZARD,HAZARD_ON_SHOULDER_CAR_STOPPED,Sentido Centro (Norte),10,16,Av. D. Pedro I - Pista Lateral,,,
553805502,2026-04-07 16:39:18,2026-04-07,16:39,13:39,Tuesday,-23.568219,-46.611545,HAZARD,HAZARD_ON_ROAD_POT_HOLE,Sentido Centro (Norte),10,32,Av. D. Pedro I - Pista Lateral,,,
553806520,2026-04-07 16:39:18,2026-04-07,16:39,13:39,Tuesday,-23.568229,-46.611543,HAZARD,HAZARD_ON_ROAD,Sentido Centro (Norte),9,4,Av. D. Pedro I - Pista Lateral,,,
554010330,2026-04-07 16:39:18,2026-04-07,16:39,13:39,Tuesday,-23.562982,-46.611566,POLICE,POLICE_HIDING,Sentido Centro (Norte),10,5,Av. do Estado - Pista Lateral,,,
554045181,2026-04-07 16:39:18,2026-04-07,16:39,13:39,Tuesday,-23.559012,-46.62485,HAZARD,HAZARD_ON_ROAD_POT_HOLE,Sentido ABC (Sul),8,3,R. Otto de Alencar,,,
553976437,2026-04-07 16:39:18,2026-04-07,16:39,13:39,Tuesday,-23.557332,-46.619823,HAZARD,HAZARD_ON_ROAD_CONSTRUCTION,Sentido ABC (Sul),5,0,Av. do Estado - Pista Lateral,,,
553941729,2026-04-07 16:39:18,2026-04-07,16:39,13:39,Tuesday,-23.557029,-46.62072,HAZARD,HAZARD_ON_ROAD_CONSTRUCTION,Sentido ABC (Sul),8,3,Av. do Estado - Pista Lateral,,,
553902216,2026-04-07 16:39:18,2026-04-07,16:39,13:39,Tuesday,-23.554749,-46.609703,HAZARD,HAZARD_ON_ROAD_POT_HOLE,Sentido Centro (Norte),10,5,R. da Mooca,,,
553832942,2026-04-07 16:39:18,2026-04-07,16:39,13:39,Tuesday,-23.556028,-46.600228,HAZARD,HAZARD_ON_SHOULDER_CAR_STOPPED,Sentido Centro (Norte),5,0,Av. Paes de Barros,,,
554054546,2026-04-07 16:39:18,2026-04-07,16:39,13:39,Tuesday,-23.561392,-46.598706,HAZARD,HAZARD_ON_SHOULDER_CAR_STOPPED,Sentido Centro (Norte),10,12,Av. Paes de Barros,,,
553902593,2026-04-07 16:39:18,2026-04-07,16:39,13:39,Tuesday,-23.553698,-46.619699,HAZARD,HAZARD_ON_SHOULDER_CAR_STOPPED,Sentido ABC (Sul),5,0,R. da Mooca,,,
553813724,2026-04-07 16:39:18,2026-04-07,16:39,13:39,Tuesday,-23.554414,-46.611484,POLICE,,Sentido Centro (Norte),10,3,R. da Mooca,,,
554339696,2026-04-07 17:38:13,2026-04-07,17:38,14:38,Tuesday,-23.584514,-46.626406,HAZARD,HAZARD_ON_ROAD_CONSTRUCTION,Sentido ABC (Sul),5,0,R. Pero Correia,,,
554350256,2026-04-07 17:38:13,2026-04-07,17:38,14:38,Tuesday,-23.584488,-46.625427,HAZARD,HAZARD_ON_ROAD_CONSTRUCTION,Sentido ABC (Sul),6,1,R. Pero Correia,,,
554320730,2026-04-07 17:38:13,2026-04-07,17:38,14:38,Tuesday,-23.567614,-46.616182,HAZARD,HAZARD_WEATHER,Sentido ABC (Sul),5,0,Tv. Narciso Ettore Campaner,,,
554237821,2026-04-07 17:38:13,2026-04-07,17:38,14:38,Tuesday,-23.556297,-46.60128,HAZARD,HAZARD_ON_ROAD_CONSTRUCTION,Sentido Centro (Norte),5,0,R. Olímpio Portugal,,,
554113553,2026-04-07 17:38:13,2026-04-07,17:38,14:38,Tuesday,-23.568643,-46.624811,HAZARD,HAZARD_ON_ROAD_CONSTRUCTION,Sentido ABC (Sul),5,0,R. Sen. Carlos Teixeira de Carvalho,,,
554023954,2026-04-07 17:38:13,2026-04-07,17:38,14:38,Tuesday,-23.545486,-46.61834,HAZARD,HAZARD_ON_SHOULDER_CAR_STOPPED,Sentido ABC (Sul),9,4,R. Martim Burchard,,,
554144794,2026-04-07 17:38:13,2026-04-07,17:38,14:38,Tuesday,-23.545443,-46.623969,ACCIDENT,,Sentido ABC (Sul),9,3,R. Maria Domitila,,,
554168894,2026-04-07 17:38:13,2026-04-07,17:38,14:38,Tuesday,-23.548648,-46.605847,HAZARD,HAZARD_ON_SHOULDER_CAR_STOPPED,Sentido Centro (Norte),5,0,R. do Hipódromo,,,
554330148,2026-04-07 17:38:13,2026-04-07,17:38,14:38,Tuesday,-23.601942,-46.606513,HAZARD,HAZARD_ON_SHOULDER_CAR_STOPPED,Sentido Centro (Norte),7,1,Av. Dr. Gentil de Moura,,,
554101780,2026-04-07 17:38:13,2026-04-07,17:38,14:38,Tuesday,-23.603288,-46.603666,HAZARD,HAZARD_ON_ROAD_POT_HOLE,Sentido Centro (Norte),10,5,R. Ettore Lantieri,,,
554158549,2026-04-07 17:38:13,2026-04-07,17:38,14:38,Tuesday,-23.602485,-46.618922,HAZARD,HAZARD_ON_SHOULDER_CAR_STOPPED,Sentido ABC (Sul),10,8,R. Santa Cruz,,,
554216780,2026-04-07 17:38:13,2026-04-07,17:38,14:38,Tuesday,-23.604778,-46.614503,HAZARD,HAZARD_ON_SHOULDER_CAR_STOPPED,Sentido ABC (Sul),6,1,R. Vergueiro,,,
554247007,2026-04-07 17:38:13,2026-04-07,17:38,14:38,Tuesday,-23.558116,-46.626779,HAZARD,HAZARD_ON_ROAD_POT_HOLE,Sentido ABC (Sul),10,18,Av. Prefeito Passos - Pista Esq.,,,
554344494,2026-04-07 17:38:13,2026-04-07,17:38,14:38,Tuesday,-23.593513,-46.619928,HAZARD,HAZARD_ON_ROAD_CONSTRUCTION,Sentido ABC (Sul),6,1,R. Vergueiro,,,
554267703,2026-04-07 17:38:13,2026-04-07,17:38,14:38,Tuesday,-23.581585,-46.625561,HAZARD,HAZARD_ON_ROAD_POT_HOLE,Sentido ABC (Sul),6,1,Av. Lins de Vasconcelos,,,
554369321,2026-04-07 17:38:13,2026-04-07,17:38,14:38,Tuesday,-23.595452,-46.624676,HAZARD,HAZARD_ON_ROAD_CONSTRUCTION,Sentido ABC (Sul),9,3,R. Vergueiro,,,
554335844,2026-04-07 17:38:13,2026-04-07,17:38,14:38,Tuesday,-23.578639,-46.624,HAZARD,HAZARD_ON_ROAD_POT_HOLE,Sentido ABC (Sul),6,1,Av. Lins de Vasconcelos,,,
554276155,2026-04-07 17:38:13,2026-04-07,17:38,14:38,Tuesday,-23.593279,-46.619899,HAZARD,HAZARD_ON_SHOULDER_CAR_STOPPED,Sentido ABC (Sul),5,0,R. Vergueiro,,,
554304305,2026-04-07 17:38:13,2026-04-07,17:38,14:38,Tuesday,-23.595388,-46.62424,HAZARD,HAZARD_ON_ROAD_OBJECT,Sentido ABC (Sul),9,4,R. Vergueiro,,,
554234907,2026-04-07 17:38:13,2026-04-07,17:38,14:38,Tuesday,-23.589647,-46.610614,ACCIDENT,,Sentido Centro (Norte),5,0,R. Moreira e Costa,,,
554230841,2026-04-07 17:38:13,2026-04-07,17:38,14:38,Tuesday,-23.57766,-46.618628,HAZARD,HAZARD_ON_ROAD_TRAFFIC_LIGHT_FAULT,Sentido ABC (Sul),5,0,R. Basílio da Cunha,,,
554309766,2026-04-07 17:38:13,2026-04-07,17:38,14:38,Tuesday,-23.573638,-46.624523,HAZARD,HAZARD_ON_ROAD_OBJECT,Sentido ABC (Sul),10,16,Av. Lacerda Franco,,,
554330048,2026-04-07 17:38:13,2026-04-07,17:38,14:38,Tuesday,-23.559466,-46.623592,HAZARD,HAZARD_ON_ROAD_TRAFFIC_LIGHT_FAULT,Sentido ABC (Sul),5,0,R. Otto de Alencar,,,
554183159,2026-04-07 17:38:13,2026-04-07,17:38,14:38,Tuesday,-23.555744,-46.623569,HAZARD,HAZARD_ON_SHOULDER_CAR_STOPPED,Sentido ABC (Sul),10,9,Av. do Estado - Pista Lateral,,,
554295981,2026-04-07 17:38:13,2026-04-07,17:38,14:38,Tuesday,-23.55695,-46.620953,HAZARD,HAZARD_ON_ROAD_CONSTRUCTION,Sentido ABC (Sul),10,6,Av. do Estado - Pista Lateral,,,
554157358,2026-04-07 17:38:13,2026-04-07,17:38,14:38,Tuesday,-23.551676,-46.627917,POLICE,,Sentido ABC (Sul),10,18,R. Frederico Alvarenga,,,
554038860,2026-04-07 17:38:13,2026-04-07,17:38,14:38,Tuesday,-23.548385,-46.626122,ACCIDENT,,Sentido ABC (Sul),10,9,R. da Figueira,,,
554364601,2026-04-07 17:38:13,2026-04-07,17:38,14:38,Tuesday,-23.553619,-46.621,POLICE,,Sentido ABC (Sul),10,6,R. da Mooca,,,
554272013,2026-04-07 17:38:13,2026-04-07,17:38,14:38,Tuesday,-23.551934,-46.616295,HAZARD,HAZARD_ON_ROAD_POT_HOLE,Sentido ABC (Sul),10,5,R. Piratininga,,,
554262049,2026-04-07 17:38:13,2026-04-07,17:38,14:38,Tuesday,-23.554597,-46.610349,HAZARD,HAZARD_ON_SHOULDER_CAR_STOPPED,Sentido Centro (Norte),10,7,Vd. Prof. Alberto Mesquita de Camargo,,,
553933362,2026-04-07 17:38:13,2026-04-07,17:38,14:38,Tuesday,-23.546713,-46.599702,HAZARD,HAZARD_ON_ROAD_CONSTRUCTION,Sentido Centro (Norte),8,3,Av. Alcântara Machado - Pista Lateral,,,
554344585,2026-04-07 17:38:13,2026-04-07,17:38,14:38,Tuesday,-23.578981,-46.600089,HAZARD,HAZARD_ON_ROAD_POT_HOLE,Sentido Centro (Norte),10,14,Av. do Estado,,,
554340545,2026-04-07 17:38:13,2026-04-07,17:38,14:38,Tuesday,-23.545077,-46.628801,POLICE,POLICE_HIDING,Sentido ABC (Sul),10,9,Av. do Estado,,,
554338086,2026-04-07 18:35:15,2026-04-07,18:35,15:35,Tuesday,-23.600605,-46.597031,ACCIDENT,,Sentido Centro (Norte),5,0,,,,
554398245,2026-04-07 18:35:15,2026-04-07,18:35,15:35,Tuesday,-23.578427,-46.612631,HAZARD,HAZARD_ON_ROAD_POT_HOLE,Sentido Centro (Norte),6,0,R. Guinle,,,
554615251,2026-04-07 18:35:15,2026-04-07,18:35,15:35,Tuesday,-23.594042,-46.595374,HAZARD,HAZARD_ON_ROAD,Sentido Centro (Norte),5,0,R. Amadis,,,
554556663,2026-04-07 18:35:15,2026-04-07,18:35,15:35,Tuesday,-23.58731,-46.622075,HAZARD,HAZARD_ON_ROAD,Sentido ABC (Sul),5,0,R. José Ubaldo Lomônaco,,,
554453641,2026-04-07 18:35:15,2026-04-07,18:35,15:35,Tuesday,-23.559319,-46.623127,HAZARD,HAZARD_ON_ROAD_TRAFFIC_LIGHT_FAULT,Sentido ABC (Sul),5,0,R. Justo Azambuja,,,
554559796,2026-04-07 18:35:15,2026-04-07,18:35,15:35,Tuesday,-23.576295,-46.612095,HAZARD,HAZARD_ON_ROAD_POT_HOLE,Sentido Centro (Norte),7,2,R. Vigário João Álvares,,,
554473704,2026-04-07 18:35:15,2026-04-07,18:35,15:35,Tuesday,-23.554663,-46.628736,HAZARD,HAZARD_ON_ROAD_CONSTRUCTION,Sentido ABC (Sul),7,1,Pç. Dr. Mário Margarido,,,
554536079,2026-04-07 18:35:15,2026-04-07,18:35,15:35,Tuesday,-23.546217,-46.623336,POLICE,,Sentido ABC (Sul),9,4,R. Monsenhor Anacleto,,,
554639852,2026-04-07 18:35:15,2026-04-07,18:35,15:35,Tuesday,-23.586931,-46.628608,HAZARD,HAZARD_ON_SHOULDER_CAR_STOPPED,Sentido ABC (Sul),5,0,Av. Lins de Vasconcelos,,,
554522345,2026-04-07 18:35:15,2026-04-07,18:35,15:35,Tuesday,-23.555613,-46.627498,POLICE,,Sentido ABC (Sul),10,7,Pç. José Luiz de Melo Malheiro,,,
554497652,2026-04-07 18:35:15,2026-04-07,18:35,15:35,Tuesday,-23.556055,-46.629096,POLICE,,Sentido ABC (Sul),10,13,R. Teixeira Leite,,,
554503280,2026-04-07 18:35:15,2026-04-07,18:35,15:35,Tuesday,-23.558111,-46.626779,HAZARD,HAZARD_ON_ROAD_POT_HOLE,Sentido ABC (Sul),7,2,Av. Prefeito Passos - Pista Esq.,,,
554439746,2026-04-07 18:35:15,2026-04-07,18:35,15:35,Tuesday,-23.588241,-46.610528,HAZARD,HAZARD_ON_SHOULDER_CAR_STOPPED,Sentido Centro (Norte),10,5,Av. Nazaré - Pista Esq.,,,
554532102,2026-04-07 18:35:15,2026-04-07,18:35,15:35,Tuesday,-23.588782,-46.598105,POLICE,,Sentido Centro (Norte),5,0,R. Dom Lucas Obes,,,
554481121,2026-04-07 18:35:15,2026-04-07,18:35,15:35,Tuesday,-23.583559,-46.608181,HAZARD,HAZARD_ON_ROAD_CONSTRUCTION,Sentido Centro (Norte),10,8,R. dos Patriotas,,,
554498411,2026-04-07 18:35:15,2026-04-07,18:35,15:35,Tuesday,-23.595454,-46.624567,HAZARD,HAZARD_ON_SHOULDER_CAR_STOPPED,Sentido ABC (Sul),7,1,R. Vergueiro,,,
554483965,2026-04-07 18:35:15,2026-04-07,18:35,15:35,Tuesday,-23.577179,-46.608832,POLICE,,Sentido Centro (Norte),5,0,R. Tabor,,,
554565796,2026-04-07 18:35:15,2026-04-07,18:35,15:35,Tuesday,-23.568892,-46.608016,POLICE,,Sentido Centro (Norte),10,35,R. Pres. Batista Pereira,,,
554590818,2026-04-07 18:35:15,2026-04-07,18:35,15:35,Tuesday,-23.568669,-46.607933,POLICE,,Sentido Centro (Norte),10,6,R. Pres. Batista Pereira,,,
554488095,2026-04-07 18:35:15,2026-04-07,18:35,15:35,Tuesday,-23.568757,-46.604447,HAZARD,HAZARD_ON_ROAD_TRAFFIC_LIGHT_FAULT,Sentido Centro (Norte),5,0,Av. Pres. Wilson,,,
554432220,2026-04-07 18:35:15,2026-04-07,18:35,15:35,Tuesday,-23.560441,-46.623486,HAZARD,HAZARD_ON_ROAD_TRAFFIC_LIGHT_FAULT,Sentido ABC (Sul),6,1,R. Justo Azambuja,,,
554452651,2026-04-07 18:35:15,2026-04-07,18:35,15:35,Tuesday,-23.559532,-46.623658,HAZARD,HAZARD_ON_ROAD_TRAFFIC_LIGHT_FAULT,Sentido ABC (Sul),5,0,R. Otto de Alencar,,,
554649713,2026-04-07 18:35:15,2026-04-07,18:35,15:35,Tuesday,-23.557462,-46.619418,HAZARD,HAZARD_ON_ROAD_CONSTRUCTION,Sentido ABC (Sul),5,0,Av. do Estado - Pista Lateral,,,
554507695,2026-04-07 18:35:15,2026-04-07,18:35,15:35,Tuesday,-23.563882,-46.620943,HAZARD,HAZARD_ON_SHOULDER_CAR_STOPPED,Sentido ABC (Sul),8,3,Av. Lins de Vasconcelos,,,
554459024,2026-04-07 18:35:15,2026-04-07,18:35,15:35,Tuesday,-23.56559,-46.609596,POLICE,,Sentido Centro (Norte),10,37,R. Pres. Almeida Couto,,,
554615502,2026-04-07 18:35:15,2026-04-07,18:35,15:35,Tuesday,-23.556049,-46.623071,POLICE,,Sentido ABC (Sul),6,1,Av. do Estado - Pista Lateral,,,
554541849,2026-04-07 18:35:15,2026-04-07,18:35,15:35,Tuesday,-23.561558,-46.598578,HAZARD,HAZARD_ON_ROAD_CONSTRUCTION,Sentido Centro (Norte),9,4,Av. Paes de Barros,,,
554456800,2026-04-07 18:35:15,2026-04-07,18:35,15:35,Tuesday,-23.555974,-46.600222,HAZARD,HAZARD_ON_SHOULDER_CAR_STOPPED,Sentido Centro (Norte),5,0,Av. Paes de Barros,,,
554371276,2026-04-07 18:35:15,2026-04-07,18:35,15:35,Tuesday,-23.548076,-46.626277,POLICE,,Sentido ABC (Sul),10,7,R. da Figueira - Pista Esq.,,,
554327534,2026-04-07 18:35:15,2026-04-07,18:35,15:35,Tuesday,-23.548558,-46.626015,POLICE,,Sentido ABC (Sul),10,48,R. da Figueira,,,
554659223,2026-04-07 18:35:15,2026-04-07,18:35,15:35,Tuesday,-23.550899,-46.613193,HAZARD,HAZARD_ON_SHOULDER_CAR_STOPPED,Sentido ABC (Sul),7,2,R. Palmorino Mônaco,,,
554443760,2026-04-07 18:35:15,2026-04-07,18:35,15:35,Tuesday,-23.552835,-46.615645,POLICE,,Sentido ABC (Sul),10,21,R. Piratininga,,,
554644526,2026-04-07 18:35:15,2026-04-07,18:35,15:35,Tuesday,-23.550918,-46.607576,HAZARD,HAZARD_ON_ROAD,Sentido Centro (Norte),6,1,Av. Alcântara Machado,,,
554417346,2026-04-07 18:35:15,2026-04-07,18:35,15:35,Tuesday,-23.554561,-46.599985,POLICE,POLICE_HIDING,Sentido Centro (Norte),7,2,,,,
554614666,2026-04-07 18:35:15,2026-04-07,18:35,15:35,Tuesday,-23.547537,-46.597325,HAZARD,HAZARD_ON_ROAD_POT_HOLE,Sentido Centro (Norte),8,2,R. Jaibarás,,,
554453400,2026-04-07 18:35:15,2026-04-07,18:35,15:35,Tuesday,-23.549042,-46.619305,POLICE,,Sentido ABC (Sul),5,0,,,,
554565622,2026-04-07 18:35:15,2026-04-07,18:35,15:35,Tuesday,-23.588883,-46.597843,POLICE,,Sentido Centro (Norte),10,13,R. das Juntas Provisórias,,,
554375627,2026-04-07 18:35:15,2026-04-07,18:35,15:35,Tuesday,-23.579157,-46.600017,HAZARD,HAZARD_ON_ROAD_POT_HOLE,Sentido Centro (Norte),10,24,Av. do Estado,,,
554117405,2026-04-07 18:35:15,2026-04-07,18:35,15:35,Tuesday,-23.564977,-46.610953,HAZARD,HAZARD_ON_ROAD_CONSTRUCTION,Sentido Centro (Norte),9,0,Av. do Estado,,,
554393467,2026-04-07 18:35:15,2026-04-07,18:35,15:35,Tuesday,-23.548559,-46.627516,POLICE,,Sentido ABC (Sul),5,0,Av. do Estado,,,
554634409,2026-04-07 18:35:15,2026-04-07,18:35,15:35,Tuesday,-23.549013,-46.627247,POLICE,,Sentido ABC (Sul),10,31,Av. do Estado,,,
554718798,2026-04-07 19:41:52,2026-04-07,19:41,16:41,Tuesday,-23.602878,-46.628256,POLICE,,Sentido ABC (Sul),10,9,R. Ouvidor Peleja,,,
554884137,2026-04-07 19:41:52,2026-04-07,19:41,16:41,Tuesday,-23.603934,-46.600186,POLICE,,Sentido Centro (Norte),10,17,Complexo Viário Escola de Engenharia Mackenzie,,,
554820079,2026-04-07 19:41:52,2026-04-07,19:41,16:41,Tuesday,-23.604748,-46.599299,POLICE,,Sentido Centro (Norte),10,5,Est. das Lágrimas,,,
554794892,2026-04-07 19:41:52,2026-04-07,19:41,16:41,Tuesday,-23.584223,-46.629186,POLICE,,Sentido ABC (Sul),10,14,Av. Eng. Luiz Gomes Cardim Sangirardi,,,
554914337,2026-04-07 19:41:52,2026-04-07,19:41,16:41,Tuesday,-23.574394,-46.620921,ACCIDENT,,Sentido ABC (Sul),8,3,R. Mesquita,,,
554741650,2026-04-07 19:41:52,2026-04-07,19:41,16:41,Tuesday,-23.568643,-46.624811,HAZARD,HAZARD_ON_ROAD_POT_HOLE,Sentido ABC (Sul),10,19,R. Sen. Carlos Teixeira de Carvalho,,,
554693647,2026-04-07 19:41:52,2026-04-07,19:41,16:41,Tuesday,-23.550447,-46.596824,HAZARD,HAZARD_ON_SHOULDER_CAR_STOPPED,Sentido Centro (Norte),7,1,R. Taquari,,,
554637808,2026-04-07 19:41:52,2026-04-07,19:41,16:41,Tuesday,-23.550079,-46.596426,HAZARD,HAZARD_WEATHER_HEAVY_SNOW,Sentido Centro (Norte),10,4,R. Taquari,,,
554799197,2026-04-07 19:41:52,2026-04-07,19:41,16:41,Tuesday,-23.601083,-46.621839,HAZARD,HAZARD_ON_SHOULDER_CAR_STOPPED,Sentido ABC (Sul),10,38,R. Santa Cruz,,,
554885213,2026-04-07 19:41:52,2026-04-07,19:41,16:41,Tuesday,-23.569388,-46.604136,HAZARD,HAZARD_ON_ROAD_TRAFFIC_LIGHT_FAULT,Sentido Centro (Norte),5,0,Av. Pres. Wilson,,,
554859022,2026-04-07 19:41:52,2026-04-07,19:41,16:41,Tuesday,-23.559683,-46.622977,HAZARD,HAZARD_ON_ROAD_TRAFFIC_LIGHT_FAULT,Sentido ABC (Sul),5,0,R. Silveira da Mota,,,
554919308,2026-04-07 19:41:52,2026-04-07,19:41,16:41,Tuesday,-23.557354,-46.619755,HAZARD,HAZARD_ON_ROAD_CONSTRUCTION,Sentido ABC (Sul),9,4,Av. do Estado - Pista Lateral,,,
554573374,2026-04-07 19:41:52,2026-04-07,19:41,16:41,Tuesday,-23.552336,-46.62123,HAZARD,HAZARD_ON_ROAD_POT_HOLE,Sentido ABC (Sul),10,19,Av. Alcântara Machado,,,
554772748,2026-04-07 19:41:52,2026-04-07,19:41,16:41,Tuesday,-23.552336,-46.625901,POLICE,,Sentido ABC (Sul),9,3,Vd. do Glicério,,,
554689285,2026-04-07 19:41:52,2026-04-07,19:41,16:41,Tuesday,-23.545258,-46.596491,POLICE,,Sentido Centro (Norte),10,19,Av. Alcântara Machado - Pista Lateral,,,
554860813,2026-04-07 19:41:52,2026-04-07,19:41,16:41,Tuesday,-23.548301,-46.602847,POLICE,,Sentido Centro (Norte),10,19,Av. Alcântara Machado,,,
554696452,2026-04-07 19:41:52,2026-04-07,19:41,16:41,Tuesday,-23.553015,-46.603004,HAZARD,HAZARD_ON_ROAD,Sentido Centro (Norte),9,3,R. dos Trilhos,,,
554809677,2026-04-07 19:41:52,2026-04-07,19:41,16:41,Tuesday,-23.546904,-46.604157,HAZARD,HAZARD_ON_ROAD,Sentido Centro (Norte),5,0,,,,
554934486,2026-04-07 19:41:52,2026-04-07,19:41,16:41,Tuesday,-23.592094,-46.597535,POLICE,,Sentido Centro (Norte),10,13,R. das Juntas Provisórias,,,
554880335,2026-04-07 19:41:52,2026-04-07,19:41,16:41,Tuesday,-23.579285,-46.599973,HAZARD,HAZARD_ON_ROAD_POT_HOLE,Sentido Centro (Norte),5,0,Av. do Estado,,,
554752124,2026-04-07 19:41:52,2026-04-07,19:41,16:41,Tuesday,-23.548785,-46.627382,POLICE,,Sentido ABC (Sul),10,32,Av. do Estado,,,
554846195,2026-04-07 19:41:52,2026-04-07,19:41,16:41,Tuesday,-23.552261,-46.625824,ACCIDENT,,Sentido ABC (Sul),6,1,Av. do Estado - Pista Central,,,
554826979,2026-04-07 20:23:57,2026-04-07,20:23,17:23,Tuesday,-23.604629,-46.609143,HAZARD,HAZARD_ON_ROAD_OBJECT,Sentido Centro (Norte),10,13,R. 5 de Julho,,,
554954417,2026-04-07 20:23:57,2026-04-07,20:23,17:23,Tuesday,-23.603028,-46.610439,HAZARD,HAZARD_ON_ROAD_POT_HOLE,Sentido Centro (Norte),10,6,R. 28 de Setembro,,,
554976800,2026-04-07 20:23:57,2026-04-07,20:23,17:23,Tuesday,-23.598797,-46.597691,POLICE,,Sentido Centro (Norte),8,1,R. do Grito,,,
554955390,2026-04-07 20:23:57,2026-04-07,20:23,17:23,Tuesday,-23.594312,-46.612318,POLICE,,Sentido Centro (Norte),10,7,R. Vieira de Almeida,,,
555040471,2026-04-07 20:23:57,2026-04-07,20:23,17:23,Tuesday,-23.560621,-46.623612,HAZARD,HAZARD_ON_ROAD_TRAFFIC_LIGHT_FAULT,Sentido ABC (Sul),5,0,R. Cesário Ramalho,,,
554878589,2026-04-07 20:23:57,2026-04-07,20:23,17:23,Tuesday,-23.566217,-46.595229,HAZARD,HAZARD_ON_ROAD,Sentido Centro (Norte),5,0,R. Guaimbé,,,
554977097,2026-04-07 20:23:57,2026-04-07,20:23,17:23,Tuesday,-23.600912,-46.600423,HAZARD,HAZARD_ON_ROAD,Sentido Centro (Norte),7,2,R. Silva Bueno,,,
554926327,2026-04-07 20:23:57,2026-04-07,20:23,17:23,Tuesday,-23.602666,-46.615633,HAZARD,HAZARD_ON_SHOULDER_CAR_STOPPED,Sentido ABC (Sul),10,4,R. Santa Cruz,,,
554828908,2026-04-07 20:23:57,2026-04-07,20:23,17:23,Tuesday,-23.60199,-46.60705,ACCIDENT,,Sentido Centro (Norte),7,2,Av. Dr. Gentil de Moura,,,
555079930,2026-04-07 20:23:57,2026-04-07,20:23,17:23,Tuesday,-23.589736,-46.629888,HAZARD,HAZARD_ON_ROAD_POT_HOLE,Sentido ABC (Sul),6,1,R. Francisco Cruz,,,
554928724,2026-04-07 20:23:57,2026-04-07,20:23,17:23,Tuesday,-23.558162,-46.626765,HAZARD,HAZARD_ON_ROAD_POT_HOLE,Sentido ABC (Sul),9,3,Av. Prefeito Passos - Pista Esq.,,,
554986051,2026-04-07 20:23:57,2026-04-07,20:23,17:23,Tuesday,-23.588824,-46.598593,POLICE,,Sentido Centro (Norte),5,0,R. Dom Lucas Obes,,,
554848066,2026-04-07 20:23:57,2026-04-07,20:23,17:23,Tuesday,-23.588815,-46.598489,POLICE,POLICE_HIDING,Sentido Centro (Norte),10,59,R. Dom Lucas Obes,,,
555016779,2026-04-07 20:23:57,2026-04-07,20:23,17:23,Tuesday,-23.577202,-46.610041,ACCIDENT,,Sentido Centro (Norte),5,0,R. Tabor,,,
554913387,2026-04-07 20:23:57,2026-04-07,20:23,17:23,Tuesday,-23.588897,-46.599449,POLICE,,Sentido Centro (Norte),8,2,R. Dom Lucas Obes,,,
554933356,2026-04-07 20:23:57,2026-04-07,20:23,17:23,Tuesday,-23.57827,-46.608598,HAZARD,HAZARD_ON_ROAD_POT_HOLE,Sentido Centro (Norte),7,2,R. Bom Pastor,,,
554916561,2026-04-07 20:23:57,2026-04-07,20:23,17:23,Tuesday,-23.595105,-46.620469,POLICE,,Sentido ABC (Sul),10,4,,,,
554903632,2026-04-07 20:23:57,2026-04-07,20:23,17:23,Tuesday,-23.569121,-46.608031,POLICE,,Sentido Centro (Norte),10,12,Av. Teresa Cristina,,,
555050594,2026-04-07 20:23:57,2026-04-07,20:23,17:23,Tuesday,-23.570147,-46.607932,POLICE,,Sentido Centro (Norte),6,1,Av. Teresa Cristina,,,
555029680,2026-04-07 20:23:57,2026-04-07,20:23,17:23,Tuesday,-23.56426,-46.608776,HAZARD,HAZARD_ON_ROAD_POT_HOLE,Sentido Centro (Norte),8,3,Av. Arno,,,
554927915,2026-04-07 20:23:57,2026-04-07,20:23,17:23,Tuesday,-23.558378,-46.616684,HAZARD,HAZARD_ON_ROAD_CONSTRUCTION,Sentido ABC (Sul),5,0,Av. do Estado - Pista Lateral,,,
554969951,2026-04-07 20:23:57,2026-04-07,20:23,17:23,Tuesday,-23.55967,-46.623355,HAZARD,HAZARD_ON_ROAD_TRAFFIC_LIGHT_FAULT,Sentido ABC (Sul),5,0,R. Otto de Alencar,,,
554950470,2026-04-07 20:23:57,2026-04-07,20:23,17:23,Tuesday,-23.560464,-46.623494,HAZARD,HAZARD_ON_ROAD_TRAFFIC_LIGHT_FAULT,Sentido ABC (Sul),5,0,R. Justo Azambuja,,,
555025833,2026-04-07 20:23:57,2026-04-07,20:23,17:23,Tuesday,-23.56641,-46.601712,POLICE,,Sentido Centro (Norte),8,2,R. Barão de Monte Santo,,,
554942330,2026-04-07 20:23:57,2026-04-07,20:23,17:23,Tuesday,-23.562369,-46.598989,HAZARD,HAZARD_ON_SHOULDER_CAR_STOPPED,Sentido Centro (Norte),10,12,R. Visconde de Inhomerim,,,
555059246,2026-04-07 20:23:57,2026-04-07,20:23,17:23,Tuesday,-23.5536,-46.626274,HAZARD,HAZARD_ON_SHOULDER_CAR_STOPPED,Sentido ABC (Sul),10,20,Vd. Therezinha Zerbini,,,
555000249,2026-04-07 20:23:57,2026-04-07,20:23,17:23,Tuesday,-23.552344,-46.629147,POLICE,,Sentido ABC (Sul),10,32,R. Tabatinguera,,,
554857193,2026-04-07 20:23:57,2026-04-07,20:23,17:23,Tuesday,-23.551934,-46.62572,POLICE,,Sentido ABC (Sul),10,28,Av. do Estado - Pista Lateral,,,
554994568,2026-04-07 20:23:57,2026-04-07,20:23,17:23,Tuesday,-23.552612,-46.615546,POLICE,,Sentido ABC (Sul),5,0,Av. Alcântara Machado,,,
554953300,2026-04-07 20:23:57,2026-04-07,20:23,17:23,Tuesday,-23.553555,-46.621933,POLICE,,Sentido ABC (Sul),5,0,R. da Mooca,,,
554927861,2026-04-07 20:23:57,2026-04-07,20:23,17:23,Tuesday,-23.554249,-46.613579,POLICE,,Sentido ABC (Sul),10,19,R. da Mooca,,,
554955748,2026-04-07 20:23:57,2026-04-07,20:23,17:23,Tuesday,-23.546889,-46.600002,ACCIDENT,,Sentido Centro (Norte),9,4,Av. Alcântara Machado - Pista Lateral,,,
554863023,2026-04-07 20:23:57,2026-04-07,20:23,17:23,Tuesday,-23.552947,-46.603766,HAZARD,HAZARD_ON_SHOULDER_CAR_STOPPED,Sentido Centro (Norte),5,0,R. dos Trilhos,,,
554848307,2026-04-07 20:23:57,2026-04-07,20:23,17:23,Tuesday,-23.546882,-46.599989,HAZARD,HAZARD_ON_SHOULDER_CAR_STOPPED,Sentido Centro (Norte),6,0,Av. Alcântara Machado - Pista Lateral,,,
554848446,2026-04-07 20:23:57,2026-04-07,20:23,17:23,Tuesday,-23.598536,-46.597473,POLICE,,Sentido Centro (Norte),10,14,R. das Juntas Provisórias,,,
554952511,2026-04-07 20:23:57,2026-04-07,20:23,17:23,Tuesday,-23.587469,-46.59711,ACCIDENT,,Sentido Centro (Norte),7,2,,,,
554668930,2026-04-07 20:23:57,2026-04-07,20:23,17:23,Tuesday,-23.566403,-46.610151,HAZARD,HAZARD_ON_ROAD_CONSTRUCTION,Sentido Centro (Norte),7,0,Av. do Estado,,,
555006736,2026-04-07 20:23:57,2026-04-07,20:23,17:23,Tuesday,-23.546354,-46.629967,ACCIDENT,,Sentido ABC (Sul),10,7,Av. do Estado,,,
554917316,2026-04-07 20:23:57,2026-04-07,20:23,17:23,Tuesday,-23.553864,-46.625314,HAZARD,HAZARD_ON_ROAD_CONSTRUCTION,Sentido ABC (Sul),10,8,Av. do Estado - Pista Central,,,
555054925,2026-04-07 20:23:57,2026-04-07,20:23,17:23,Tuesday,-23.553699,-46.625203,POLICE,,Sentido ABC (Sul),10,14,Av. do Estado - Pista Central,,,
555034317,2026-04-07 20:23:57,2026-04-07,20:23,17:23,Tuesday,-23.551954,-46.625944,POLICE,,Sentido ABC (Sul),10,19,Av. do Estado - Pista Central,,,
555095636,2026-04-07 21:07:19,2026-04-07,21:07,18:07,Tuesday,-23.584482,-46.626308,HAZARD,HAZARD_ON_ROAD_POT_HOLE,Sentido ABC (Sul),10,17,R. Pero Correia,,,
555112484,2026-04-07 21:07:19,2026-04-07,21:07,18:07,Tuesday,-23.581934,-46.626503,HAZARD,HAZARD_ON_ROAD_POT_HOLE,Sentido ABC (Sul),10,11,Pç. Santa Margarida Maria,,,
555180542,2026-04-07 21:07:19,2026-04-07,21:07,18:07,Tuesday,-23.559501,-46.623188,HAZARD,HAZARD_ON_ROAD_TRAFFIC_LIGHT_FAULT,Sentido ABC (Sul),5,0,R. Justo Azambuja,,,
555062526,2026-04-07 21:07:19,2026-04-07,21:07,18:07,Tuesday,-23.604338,-46.596248,HAZARD,HAZARD_ON_ROAD_TRAFFIC_LIGHT_FAULT,Sentido Centro (Norte),6,1,Av. Alm. Delamare,,,
555269816,2026-04-07 21:07:19,2026-04-07,21:07,18:07,Tuesday,-23.60442,-46.596147,POLICE,,Sentido Centro (Norte),7,2,Av. Alm. Delamare,,,
555186391,2026-04-07 21:07:19,2026-04-07,21:07,18:07,Tuesday,-23.556259,-46.62928,POLICE,,Sentido ABC (Sul),5,0,,,,
555200694,2026-04-07 21:07:19,2026-04-07,21:07,18:07,Tuesday,-23.556042,-46.62894,POLICE,,Sentido ABC (Sul),10,7,R. Teixeira Leite,,,
555063401,2026-04-07 21:07:19,2026-04-07,21:07,18:07,Tuesday,-23.555881,-46.629087,POLICE,,Sentido ABC (Sul),5,0,R. Glicério,,,
554898033,2026-04-07 21:07:19,2026-04-07,21:07,18:07,Tuesday,-23.55707,-46.628302,POLICE,,Sentido ABC (Sul),10,0,R. Leopoldo Miguez,,,
555162551,2026-04-07 21:07:19,2026-04-07,21:07,18:07,Tuesday,-23.557022,-46.628943,POLICE,,Sentido ABC (Sul),10,5,R. São Paulo,,,
555121407,2026-04-07 21:07:19,2026-04-07,21:07,18:07,Tuesday,-23.589655,-46.610712,POLICE,POLICE_WITH_MOBILE_CAMERA,Sentido Centro (Norte),5,0,R. Moreira e Costa,,,
555132502,2026-04-07 21:07:19,2026-04-07,21:07,18:07,Tuesday,-23.593325,-46.621105,HAZARD,HAZARD_ON_SHOULDER_CAR_STOPPED,Sentido ABC (Sul),5,0,Av. Dr. Ricardo Jafet,,,
555229936,2026-04-07 21:07:19,2026-04-07,21:07,18:07,Tuesday,-23.583892,-46.61199,HAZARD,HAZARD_ON_ROAD_CONSTRUCTION,Sentido Centro (Norte),6,1,R. Eng. Ranulfo Pinheiro Lima,,,
555195599,2026-04-07 21:07:19,2026-04-07,21:07,18:07,Tuesday,-23.583567,-46.608283,HAZARD,HAZARD_ON_ROAD_CONSTRUCTION,Sentido Centro (Norte),7,2,R. dos Patriotas,,,
555156191,2026-04-07 21:07:19,2026-04-07,21:07,18:07,Tuesday,-23.597018,-46.600761,POLICE,,Sentido Centro (Norte),10,8,R. Silva Bueno,,,
555033216,2026-04-07 21:07:19,2026-04-07,21:07,18:07,Tuesday,-23.582413,-46.599371,POLICE,POLICE_HIDING,Sentido Centro (Norte),10,22,Vd. Capitão Pacheco e Chaves,,,
555240807,2026-04-07 21:07:19,2026-04-07,21:07,18:07,Tuesday,-23.582942,-46.600292,POLICE,POLICE_HIDING,Sentido Centro (Norte),9,4,R. José Chimenti,,,
555063301,2026-04-07 21:07:19,2026-04-07,21:07,18:07,Tuesday,-23.572673,-46.624325,HAZARD,HAZARD_ON_SHOULDER_CAR_STOPPED,Sentido ABC (Sul),5,0,Av. Lacerda Franco,,,
555042717,2026-04-07 21:07:19,2026-04-07,21:07,18:07,Tuesday,-23.564519,-46.617246,HAZARD,HAZARD_ON_ROAD_POT_HOLE,Sentido ABC (Sul),9,4,R. Clímaco Barbosa,,,
555093101,2026-04-07 21:07:19,2026-04-07,21:07,18:07,Tuesday,-23.554839,-46.607791,POLICE,,Sentido Centro (Norte),10,5,Vd. Prof. Alberto Mesquita de Camargo,,,
555101250,2026-04-07 21:07:19,2026-04-07,21:07,18:07,Tuesday,-23.564721,-46.608164,HAZARD,HAZARD_ON_ROAD_POT_HOLE,Sentido Centro (Norte),6,1,Av. Arno,,,
555067267,2026-04-07 21:07:19,2026-04-07,21:07,18:07,Tuesday,-23.565007,-46.616147,HAZARD,HAZARD_ON_ROAD_POT_HOLE,Sentido ABC (Sul),10,7,R. Clímaco Barbosa,,,
555042991,2026-04-07 21:07:19,2026-04-07,21:07,18:07,Tuesday,-23.559921,-46.623329,HAZARD,HAZARD_ON_ROAD_TRAFFIC_LIGHT_FAULT,Sentido ABC (Sul),9,0,R. Justo Azambuja,,,
555042809,2026-04-07 21:07:19,2026-04-07,21:07,18:07,Tuesday,-23.559647,-46.623396,HAZARD,HAZARD_ON_ROAD_TRAFFIC_LIGHT_FAULT,Sentido ABC (Sul),6,0,R. Otto de Alencar,,,
555048807,2026-04-07 21:07:19,2026-04-07,21:07,18:07,Tuesday,-23.558799,-46.625346,HAZARD,HAZARD_ON_ROAD_POT_HOLE,Sentido ABC (Sul),9,4,R. Otto de Alencar,,,
555028271,2026-04-07 21:07:19,2026-04-07,21:07,18:07,Tuesday,-23.566216,-46.601755,POLICE,,Sentido Centro (Norte),10,19,R. Sarapuí,,,
555082861,2026-04-07 21:07:19,2026-04-07,21:07,18:07,Tuesday,-23.553562,-46.626436,HAZARD,HAZARD_ON_SHOULDER_CAR_STOPPED,Sentido ABC (Sul),10,12,Vd. Therezinha Zerbini,,,
555161666,2026-04-07 21:07:19,2026-04-07,21:07,18:07,Tuesday,-23.55379,-46.626092,HAZARD,HAZARD_ON_ROAD_POT_HOLE,Sentido ABC (Sul),10,12,Vd. Therezinha Zerbini,,,
554978579,2026-04-07 21:07:19,2026-04-07,21:07,18:07,Tuesday,-23.548964,-46.629225,POLICE,,Sentido ABC (Sul),10,21,Vd. Antônio Nakashima,,,
555211267,2026-04-07 21:07:19,2026-04-07,21:07,18:07,Tuesday,-23.549826,-46.605566,POLICE,,Sentido Centro (Norte),5,0,Av. Alcântara Machado,,,
555134440,2026-04-07 21:07:19,2026-04-07,21:07,18:07,Tuesday,-23.552607,-46.618949,HAZARD,HAZARD_ON_ROAD_POT_HOLE,Sentido ABC (Sul),8,3,Av. Alcântara Machado,,,
555289467,2026-04-07 21:07:19,2026-04-07,21:07,18:07,Tuesday,-23.552201,-46.609938,HAZARD,HAZARD_ON_ROAD,Sentido Centro (Norte),7,1,Av. Alcântara Machado,,,
554958821,2026-04-07 21:07:19,2026-04-07,21:07,18:07,Tuesday,-23.552715,-46.617661,POLICE,,Sentido ABC (Sul),9,4,Vd. Alcântara Machado,,,
554998704,2026-04-07 21:07:19,2026-04-07,21:07,18:07,Tuesday,-23.554303,-46.612628,POLICE,,Sentido Centro (Norte),10,22,R. da Mooca,,,
555229859,2026-04-07 21:07:19,2026-04-07,21:07,18:07,Tuesday,-23.55231,-46.62572,POLICE,,Sentido ABC (Sul),10,21,,,,
554982608,2026-04-07 21:07:19,2026-04-07,21:07,18:07,Tuesday,-23.552336,-46.62123,HAZARD,HAZARD_ON_ROAD_POT_HOLE,Sentido ABC (Sul),10,22,Av. Alcântara Machado,,,
555274260,2026-04-07 21:07:19,2026-04-07,21:07,18:07,Tuesday,-23.554238,-46.613721,POLICE,POLICE_HIDING,Sentido ABC (Sul),5,0,R. da Mooca,,,
555235911,2026-04-07 21:07:19,2026-04-07,21:07,18:07,Tuesday,-23.550909,-46.607561,POLICE,,Sentido Centro (Norte),10,14,Av. Alcântara Machado,,,
555185241,2026-04-07 21:07:19,2026-04-07,21:07,18:07,Tuesday,-23.554267,-46.613405,POLICE,,Sentido ABC (Sul),10,8,R. da Mooca,,,
555215791,2026-04-07 21:07:19,2026-04-07,21:07,18:07,Tuesday,-23.548339,-46.602408,POLICE,,Sentido Centro (Norte),10,5,R. Bresser,,,
554993063,2026-04-07 21:07:19,2026-04-07,21:07,18:07,Tuesday,-23.548432,-46.60308,POLICE,,Sentido Centro (Norte),10,24,Av. Alcântara Machado,,,
555081376,2026-04-07 21:07:19,2026-04-07,21:07,18:07,Tuesday,-23.553008,-46.603086,HAZARD,HAZARD_ON_ROAD_POT_HOLE,Sentido Centro (Norte),6,1,R. dos Trilhos,,,
555174574,2026-04-07 21:07:19,2026-04-07,21:07,18:07,Tuesday,-23.546071,-46.598585,ACCIDENT,,Sentido Centro (Norte),9,3,Av. Alcântara Machado - Pista Lateral,,,
555117654,2026-04-07 21:07:19,2026-04-07,21:07,18:07,Tuesday,-23.590236,-46.619578,HAZARD,HAZARD_ON_ROAD,Sentido ABC (Sul),5,0,,,,
555234663,2026-04-07 21:07:19,2026-04-07,21:07,18:07,Tuesday,-23.602373,-46.599313,POLICE,,Sentido Centro (Norte),7,0,R. das Juntas Provisórias,,,
555132787,2026-04-07 21:07:19,2026-04-07,21:07,18:07,Tuesday,-23.587639,-46.596703,HAZARD,HAZARD_ON_ROAD,Sentido Centro (Norte),9,4,Av. do Estado,,,
555160948,2026-04-07 21:07:19,2026-04-07,21:07,18:07,Tuesday,-23.578459,-46.600314,HAZARD,HAZARD_ON_ROAD_POT_HOLE,Sentido Centro (Norte),10,14,Av. do Estado,,,
555194163,2026-04-07 21:07:19,2026-04-07,21:07,18:07,Tuesday,-23.57246,-46.603893,HAZARD,HAZARD_ON_ROAD_CONSTRUCTION,Sentido Centro (Norte),8,2,Av. do Estado,,,
555239856,2026-04-07 21:07:19,2026-04-07,21:07,18:07,Tuesday,-23.57185,-46.603956,HAZARD,HAZARD_ON_ROAD_CAR_STOPPED,Sentido Centro (Norte),5,0,Av. do Estado,,,
555103378,2026-04-07 21:07:19,2026-04-07,21:07,18:07,Tuesday,-23.548594,-46.627495,POLICE,,Sentido ABC (Sul),10,20,Av. do Estado,,,
555444437,2026-04-07 21:56:11,2026-04-07,21:56,18:56,Tuesday,-23.598745,-46.621026,POLICE,,Sentido ABC (Sul),6,1,R. Miguel Haddad,,,
555268395,2026-04-07 21:56:11,2026-04-07,21:56,18:56,Tuesday,-23.601234,-46.601194,HAZARD,HAZARD_ON_ROAD_POT_HOLE,Sentido Centro (Norte),8,2,R. Greenfeld,,,
555285835,2026-04-07 21:56:11,2026-04-07,21:56,18:56,Tuesday,-23.595523,-46.597037,POLICE,,Sentido Centro (Norte),10,13,R. 2 de Julho,,,
555435042,2026-04-07 21:56:11,2026-04-07,21:56,18:56,Tuesday,-23.602104,-46.598253,POLICE,POLICE_HIDING,Sentido Centro (Norte),10,9,Av. Almirante Delamare,,,
555406110,2026-04-07 21:56:11,2026-04-07,21:56,18:56,Tuesday,-23.55605,-46.629036,POLICE,,Sentido ABC (Sul),10,11,R. Teixeira Leite,,,
555303142,2026-04-07 21:56:11,2026-04-07,21:56,18:56,Tuesday,-23.556223,-46.629121,POLICE,,Sentido ABC (Sul),6,1,Vd. do Glicério,,,
555494408,2026-04-07 21:56:11,2026-04-07,21:56,18:56,Tuesday,-23.581729,-46.614374,HAZARD,HAZARD_ON_ROAD_POT_HOLE,Sentido ABC (Sul),10,6,Av. Dr. Ricardo Jafet,,,
555133789,2026-04-07 21:56:11,2026-04-07,21:56,18:56,Tuesday,-23.581685,-46.614591,HAZARD,HAZARD_ON_ROAD_POT_HOLE,Sentido ABC (Sul),10,18,R. Cel. Diogo,,,
555386928,2026-04-07 21:56:11,2026-04-07,21:56,18:56,Tuesday,-23.58882,-46.598554,POLICE,,Sentido Centro (Norte),10,22,R. Dom Lucas Obes,,,
555202657,2026-04-07 21:56:11,2026-04-07,21:56,18:56,Tuesday,-23.582266,-46.598935,POLICE,,Sentido Centro (Norte),10,28,Vd. Capitão Pacheco e Chaves,,,
555163643,2026-04-07 21:56:11,2026-04-07,21:56,18:56,Tuesday,-23.582266,-46.598935,POLICE,POLICE_HIDING,Sentido Centro (Norte),10,40,Vd. Capitão Pacheco e Chaves,,,
555404214,2026-04-07 21:56:11,2026-04-07,21:56,18:56,Tuesday,-23.582503,-46.599644,POLICE,,Sentido Centro (Norte),10,40,R. dos Patriotas,,,
555243918,2026-04-07 21:56:11,2026-04-07,21:56,18:56,Tuesday,-23.559681,-46.623341,HAZARD,HAZARD_ON_ROAD_TRAFFIC_LIGHT_FAULT,Sentido ABC (Sul),5,0,R. Otto de Alencar,,,
555379776,2026-04-07 21:56:11,2026-04-07,21:56,18:56,Tuesday,-23.563173,-46.611458,HAZARD,HAZARD_ON_ROAD_POT_HOLE,Sentido Centro (Norte),10,12,Av. do Estado - Pista Lateral,,,
555424916,2026-04-07 21:56:11,2026-04-07,21:56,18:56,Tuesday,-23.560161,-46.623402,HAZARD,HAZARD_ON_ROAD_TRAFFIC_LIGHT_FAULT,Sentido ABC (Sul),5,0,R. Justo Azambuja,,,
555396718,2026-04-07 21:56:11,2026-04-07,21:56,18:56,Tuesday,-23.559748,-46.62257,HAZARD,HAZARD_ON_ROAD_TRAFFIC_LIGHT_FAULT,Sentido ABC (Sul),5,0,R. Silveira da Mota,,,
555281754,2026-04-07 21:56:11,2026-04-07,21:56,18:56,Tuesday,-23.557374,-46.619691,HAZARD,HAZARD_ON_ROAD_CONSTRUCTION,Sentido ABC (Sul),10,6,Av. do Estado - Pista Lateral,,,
555379265,2026-04-07 21:56:11,2026-04-07,21:56,18:56,Tuesday,-23.560765,-46.623216,HAZARD,HAZARD_ON_ROAD_TRAFFIC_LIGHT_FAULT,Sentido ABC (Sul),6,0,R. Cesário Ramalho,,,
555326951,2026-04-07 21:56:11,2026-04-07,21:56,18:56,Tuesday,-23.558817,-46.615452,HAZARD,HAZARD_ON_SHOULDER_CAR_STOPPED,Sentido ABC (Sul),10,6,Av. do Estado - Pista Lateral,,,
555238540,2026-04-07 21:56:11,2026-04-07,21:56,18:56,Tuesday,-23.566729,-46.602244,POLICE,,Sentido Centro (Norte),10,19,Av. Henry Ford,,,
555360248,2026-04-07 21:56:11,2026-04-07,21:56,18:56,Tuesday,-23.562397,-46.599084,HAZARD,HAZARD_ON_ROAD_TRAFFIC_LIGHT_FAULT,Sentido Centro (Norte),6,0,R. Visconde de Inhomerim,,,
555385333,2026-04-07 21:56:11,2026-04-07,21:56,18:56,Tuesday,-23.5614,-46.598699,HAZARD,HAZARD_ON_ROAD_CONSTRUCTION,Sentido Centro (Norte),6,1,Av. Paes de Barros,,,
555173889,2026-04-07 21:56:11,2026-04-07,21:56,18:56,Tuesday,-23.548801,-46.62953,POLICE,,Sentido ABC (Sul),10,11,Prq. Dom Pedro II,,,
555337821,2026-04-07 21:56:11,2026-04-07,21:56,18:56,Tuesday,-23.552888,-46.615606,POLICE,POLICE_HIDING,Sentido ABC (Sul),10,22,R. Piratininga,,,
555183328,2026-04-07 21:56:11,2026-04-07,21:56,18:56,Tuesday,-23.552986,-46.615848,POLICE,POLICE_HIDING,Sentido ABC (Sul),10,37,Av. Alcântara Machado,,,
555499697,2026-04-07 21:56:11,2026-04-07,21:56,18:56,Tuesday,-23.548141,-46.603109,POLICE,,Sentido Centro (Norte),5,0,Av. Alcântara Machado - Pista Lateral,,,
555359222,2026-04-07 21:56:11,2026-04-07,21:56,18:56,Tuesday,-23.579816,-46.599818,HAZARD,HAZARD_ON_ROAD_POT_HOLE,Sentido Centro (Norte),10,14,Av. do Estado,,,
555203915,2026-04-07 21:56:11,2026-04-07,21:56,18:56,Tuesday,-23.579047,-46.600061,HAZARD,HAZARD_ON_ROAD,Sentido Centro (Norte),10,7,Av. do Estado,,,
555252582,2026-04-07 21:56:11,2026-04-07,21:56,18:56,Tuesday,-23.58836,-46.598224,POLICE,,Sentido Centro (Norte),10,16,R. das Juntas Provisórias,,,
555267729,2026-04-07 21:56:11,2026-04-07,21:56,18:56,Tuesday,-23.595872,-46.597198,POLICE,,Sentido Centro (Norte),10,105,R. das Juntas Provisórias,,,
555390678,2026-04-07 21:56:11,2026-04-07,21:56,18:56,Tuesday,-23.565424,-46.610701,HAZARD,HAZARD_ON_ROAD_OBJECT,Sentido Centro (Norte),10,28,Av. do Estado,,,
555457354,2026-04-07 22:30:20,2026-04-07,22:30,19:30,Tuesday,-23.601491,-46.597102,HAZARD,HAZARD_ON_ROAD_POT_HOLE,Sentido Centro (Norte),5,0,,,,
555472077,2026-04-07 22:30:20,2026-04-07,22:30,19:30,Tuesday,-23.600977,-46.597081,HAZARD,HAZARD_ON_ROAD_POT_HOLE,Sentido Centro (Norte),5,0,,,,
555482060,2026-04-07 22:30:20,2026-04-07,22:30,19:30,Tuesday,-23.584486,-46.62617,HAZARD,HAZARD_ON_ROAD_POT_HOLE,Sentido ABC (Sul),10,5,R. Pero Correia,,,
555594269,2026-04-07 22:30:20,2026-04-07,22:30,19:30,Tuesday,-23.54786,-46.606844,POLICE,,Sentido Centro (Norte),10,6,R. do Hipódromo,,,
555338761,2026-04-07 22:30:20,2026-04-07,22:30,19:30,Tuesday,-23.602293,-46.602662,POLICE,,Sentido Centro (Norte),10,6,R. Bom Pastor,,,
555630278,2026-04-07 22:30:20,2026-04-07,22:30,19:30,Tuesday,-23.557157,-46.628626,POLICE,,Sentido ABC (Sul),10,5,R. São Paulo,,,
555585909,2026-04-07 22:30:20,2026-04-07,22:30,19:30,Tuesday,-23.55605,-46.629036,POLICE,,Sentido ABC (Sul),10,7,R. Teixeira Leite,,,
555442648,2026-04-07 22:30:20,2026-04-07,22:30,19:30,Tuesday,-23.583551,-46.608082,HAZARD,HAZARD_ON_ROAD_CONSTRUCTION,Sentido Centro (Norte),10,4,R. dos Patriotas,,,
555591142,2026-04-07 22:30:20,2026-04-07,22:30,19:30,Tuesday,-23.558835,-46.625262,HAZARD,HAZARD_ON_ROAD_POT_HOLE,Sentido ABC (Sul),5,0,R. Otto de Alencar,,,
555507366,2026-04-07 22:30:20,2026-04-07,22:30,19:30,Tuesday,-23.561348,-46.623777,HAZARD,HAZARD_ON_ROAD_OBJECT,Sentido ABC (Sul),10,7,R. Justo Azambuja,,,
555516793,2026-04-07 22:30:20,2026-04-07,22:30,19:30,Tuesday,-23.556606,-46.620759,HAZARD,HAZARD_ON_ROAD_CONSTRUCTION,Sentido ABC (Sul),10,5,Av. do Estado - Pista Lateral,,,
555600775,2026-04-07 22:30:20,2026-04-07,22:30,19:30,Tuesday,-23.557356,-46.619748,HAZARD,HAZARD_ON_ROAD_CONSTRUCTION,Sentido ABC (Sul),10,4,Av. do Estado - Pista Lateral,,,
555579611,2026-04-07 22:30:20,2026-04-07,22:30,19:30,Tuesday,-23.562447,-46.621487,HAZARD,HAZARD_ON_ROAD_POT_HOLE,Sentido ABC (Sul),10,9,Lg. do Cambuci,,,
555497250,2026-04-07 22:30:20,2026-04-07,22:30,19:30,Tuesday,-23.559616,-46.623468,HAZARD,HAZARD_ON_ROAD_TRAFFIC_LIGHT_FAULT,Sentido ABC (Sul),5,0,R. Otto de Alencar,,,
555502610,2026-04-07 22:30:20,2026-04-07,22:30,19:30,Tuesday,-23.560711,-46.623365,HAZARD,HAZARD_ON_ROAD_TRAFFIC_LIGHT_FAULT,Sentido ABC (Sul),5,0,R. Cesário Ramalho,,,
555586314,2026-04-07 22:30:20,2026-04-07,22:30,19:30,Tuesday,-23.566044,-46.600232,HAZARD,HAZARD_WEATHER_FOG,Sentido Centro (Norte),5,0,R. D. Joaquim de Melo,,,
555467571,2026-04-07 22:30:20,2026-04-07,22:30,19:30,Tuesday,-23.562338,-46.598881,HAZARD,HAZARD_ON_SHOULDER_CAR_STOPPED,Sentido Centro (Norte),8,3,R. Visconde de Inhomerim,,,
555555764,2026-04-07 22:30:20,2026-04-07,22:30,19:30,Tuesday,-23.552767,-46.625504,POLICE,,Sentido ABC (Sul),10,9,Av. do Estado - Pista Lateral,,,
555559300,2026-04-07 22:30:20,2026-04-07,22:30,19:30,Tuesday,-23.552087,-46.625659,POLICE,,Sentido ABC (Sul),10,21,Av. do Estado - Pista Lateral,,,
555488244,2026-04-07 22:30:20,2026-04-07,22:30,19:30,Tuesday,-23.552334,-46.616015,POLICE,,Sentido ABC (Sul),5,0,R. Piratininga,,,
555468104,2026-04-07 22:30:20,2026-04-07,22:30,19:30,Tuesday,-23.552751,-46.618143,POLICE,,Sentido ABC (Sul),7,2,Av. Alcântara Machado,,,
555581335,2026-04-07 22:30:20,2026-04-07,22:30,19:30,Tuesday,-23.55198,-46.623304,POLICE,,Sentido ABC (Sul),5,0,Vd. do Glicério,,,
555600664,2026-04-07 22:30:20,2026-04-07,22:30,19:30,Tuesday,-23.552041,-46.624104,POLICE,,Sentido ABC (Sul),10,23,Av. Alcântara Machado,,,
555569699,2026-04-07 22:30:20,2026-04-07,22:30,19:30,Tuesday,-23.552757,-46.615702,POLICE,,Sentido ABC (Sul),10,57,R. Piratininga,,,
555540923,2026-04-07 22:30:20,2026-04-07,22:30,19:30,Tuesday,-23.551083,-46.607873,POLICE,,Sentido Centro (Norte),10,10,Av. Alcântara Machado,,,
555423035,2026-04-07 22:30:20,2026-04-07,22:30,19:30,Tuesday,-23.548535,-46.603263,POLICE,,Sentido Centro (Norte),10,6,Av. Alcântara Machado,,,
555505201,2026-04-07 22:30:20,2026-04-07,22:30,19:30,Tuesday,-23.547685,-46.602356,POLICE,,Sentido Centro (Norte),7,0,Av. Alcântara Machado - Pista Lateral,,,
555471956,2026-04-07 22:30:20,2026-04-07,22:30,19:30,Tuesday,-23.601936,-46.597472,HAZARD,HAZARD_ON_ROAD_POT_HOLE,Sentido Centro (Norte),5,0,,,,
555478015,2026-04-07 22:30:20,2026-04-07,22:30,19:30,Tuesday,-23.587582,-46.596269,HAZARD,HAZARD_ON_ROAD_POT_HOLE,Sentido Centro (Norte),10,11,Vd. José Colasuonno,,,
555571021,2026-04-07 22:30:20,2026-04-07,22:30,19:30,Tuesday,-23.577096,-46.601118,HAZARD,HAZARD_ON_ROAD_POT_HOLE,Sentido Centro (Norte),10,15,Av. do Estado,,,
555487632,2026-04-07 22:30:20,2026-04-07,22:30,19:30,Tuesday,-23.579443,-46.599927,HAZARD,HAZARD_ON_ROAD,Sentido Centro (Norte),8,3,Av. do Estado,,,
555704285,2026-04-07 23:07:39,2026-04-07,23:07,20:07,Tuesday,-23.600108,-46.598939,POLICE,POLICE_HIDING,Sentido Centro (Norte),5,0,R. Comandante Taylor,,,
555667677,2026-04-07 23:07:39,2026-04-07,23:07,20:07,Tuesday,-23.593995,-46.627167,HAZARD,HAZARD_ON_ROAD_CONSTRUCTION,Sentido ABC (Sul),6,1,R. João Luís Vives,,,
555518018,2026-04-07 23:07:39,2026-04-07,23:07,20:07,Tuesday,-23.574957,-46.603778,HAZARD,HAZARD_ON_ROAD,Sentido Centro (Norte),9,4,R. do Manifesto,,,
555677667,2026-04-07 23:07:39,2026-04-07,23:07,20:07,Tuesday,-23.602178,-46.60949,POLICE,,Sentido Centro (Norte),10,3,Av. Dr. Gentil de Moura,,,
555635945,2026-04-07 23:07:39,2026-04-07,23:07,20:07,Tuesday,-23.602473,-46.613085,HAZARD,HAZARD_ON_ROAD_POT_HOLE,Sentido ABC (Sul),10,15,Av. Dr. Gentil de Moura,,,
555618803,2026-04-07 23:07:39,2026-04-07,23:07,20:07,Tuesday,-23.557054,-46.628872,POLICE,,Sentido ABC (Sul),10,16,R. São Paulo,,,
555667065,2026-04-07 23:07:39,2026-04-07,23:07,20:07,Tuesday,-23.557088,-46.62835,POLICE,,Sentido ABC (Sul),10,9,R. Leopoldo Miguez,,,
555751619,2026-04-07 23:07:39,2026-04-07,23:07,20:07,Tuesday,-23.589644,-46.610571,HAZARD,HAZARD_ON_ROAD_TRAFFIC_LIGHT_FAULT,Sentido Centro (Norte),5,0,R. Moreira e Costa,,,
555814320,2026-04-07 23:07:39,2026-04-07,23:07,20:07,Tuesday,-23.595239,-46.600925,HAZARD,HAZARD_ON_SHOULDER_CAR_STOPPED,Sentido Centro (Norte),9,3,R. Silva Bueno,,,
555662010,2026-04-07 23:07:39,2026-04-07,23:07,20:07,Tuesday,-23.560277,-46.62177,HAZARD,HAZARD_ON_ROAD_CAR_STOPPED,Sentido ABC (Sul),10,7,R. Luís Gama,,,
555719001,2026-04-07 23:07:39,2026-04-07,23:07,20:07,Tuesday,-23.570848,-46.607865,HAZARD,HAZARD_ON_ROAD,Sentido Centro (Norte),10,4,Av. Teresa Cristina,,,
555553627,2026-04-07 23:07:39,2026-04-07,23:07,20:07,Tuesday,-23.566012,-46.611796,HAZARD,HAZARD_ON_ROAD_CONSTRUCTION,Sentido Centro (Norte),10,8,Av. D. Pedro I - Pista Lateral,,,
555769512,2026-04-07 23:07:39,2026-04-07,23:07,20:07,Tuesday,-23.557331,-46.607399,HAZARD,HAZARD_ON_SHOULDER_CAR_STOPPED,Sentido Centro (Norte),10,12,R. Borges de Figueiredo,,,
555736417,2026-04-07 23:07:39,2026-04-07,23:07,20:07,Tuesday,-23.555825,-46.597155,POLICE,,Sentido Centro (Norte),7,1,R. da Mooca,,,
555691574,2026-04-07 23:07:39,2026-04-07,23:07,20:07,Tuesday,-23.562697,-46.620976,POLICE,,Sentido ABC (Sul),10,16,Lg. do Cambuci,,,
555685669,2026-04-07 23:07:39,2026-04-07,23:07,20:07,Tuesday,-23.558971,-46.615162,HAZARD,HAZARD_ON_SHOULDER_CAR_STOPPED,Sentido ABC (Sul),7,2,Av. do Estado - Pista Lateral,,,
555538835,2026-04-07 23:07:39,2026-04-07,23:07,20:07,Tuesday,-23.553002,-46.61568,POLICE,,Sentido ABC (Sul),5,0,Av. Alcântara Machado,,,
555623418,2026-04-07 23:07:39,2026-04-07,23:07,20:07,Tuesday,-23.551953,-46.625712,POLICE,,Sentido ABC (Sul),10,18,Av. do Estado - Pista Lateral,,,
555685638,2026-04-07 23:07:39,2026-04-07,23:07,20:07,Tuesday,-23.602003,-46.598955,POLICE,,Sentido Centro (Norte),10,26,R. das Juntas Provisórias,,,
555630897,2026-04-07 23:07:39,2026-04-07,23:07,20:07,Tuesday,-23.578973,-46.600092,HAZARD,HAZARD_ON_ROAD_POT_HOLE,Sentido Centro (Norte),10,21,Av. do Estado,,,
555716903,2026-04-07 23:07:39,2026-04-07,23:07,20:07,Tuesday,-23.552813,-46.625626,POLICE,POLICE_HIDING,Sentido ABC (Sul),10,15,Av. do Estado - Pista Central,,,
555788201,2026-04-07 23:53:14,2026-04-07,23:53,20:53,Tuesday,-23.602898,-46.627754,HAZARD,HAZARD_ON_ROAD_POT_HOLE,Sentido ABC (Sul),10,7,R. Ouvidor Peleja,,,
555796710,2026-04-07 23:53:14,2026-04-07,23:53,20:53,Tuesday,-23.602909,-46.610442,HAZARD,HAZARD_ON_ROAD_POT_HOLE,Sentido Centro (Norte),6,1,R. 28 de Setembro,,,
555823520,2026-04-07 23:53:14,2026-04-07,23:53,20:53,Tuesday,-23.602441,-46.609325,POLICE,,Sentido Centro (Norte),10,6,Av. Nazaré,,,
555861532,2026-04-07 23:53:14,2026-04-07,23:53,20:53,Tuesday,-23.584482,-46.626326,HAZARD,HAZARD_ON_ROAD_POT_HOLE,Sentido ABC (Sul),10,10,R. Pero Correia,,,
555874918,2026-04-07 23:53:14,2026-04-07,23:53,20:53,Tuesday,-23.598232,-46.60351,ACCIDENT,,Sentido Centro (Norte),8,2,R. Clemente Pereira,,,
555896649,2026-04-07 23:53:14,2026-04-07,23:53,20:53,Tuesday,-23.602661,-46.615293,HAZARD,HAZARD_ON_ROAD_POT_HOLE,Sentido ABC (Sul),10,22,R. Santa Cruz,,,
555762604,2026-04-07 23:53:14,2026-04-07,23:53,20:53,Tuesday,-23.604603,-46.625851,POLICE,,Sentido ABC (Sul),10,13,Av. Prof. Abraão de Morais,,,
555868511,2026-04-07 23:53:14,2026-04-07,23:53,20:53,Tuesday,-23.604505,-46.625652,POLICE,,Sentido ABC (Sul),7,2,R. Vigário Albernaz,,,
555941159,2026-04-07 23:53:14,2026-04-07,23:53,20:53,Tuesday,-23.599872,-46.615872,HAZARD,HAZARD_ON_SHOULDER_CAR_STOPPED,Sentido ABC (Sul),10,6,R. Vergueiro,,,
555688848,2026-04-07 23:53:14,2026-04-07,23:53,20:53,Tuesday,-23.59323,-46.62971,HAZARD,HAZARD_ON_SHOULDER_CAR_STOPPED,Sentido ABC (Sul),6,1,R. Vergueiro,,,
555882245,2026-04-07 23:53:14,2026-04-07,23:53,20:53,Tuesday,-23.556321,-46.629386,HAZARD,HAZARD_ON_ROAD_POT_HOLE,Sentido ABC (Sul),10,20,Vd. do Glicério,,,
555915099,2026-04-07 23:53:14,2026-04-07,23:53,20:53,Tuesday,-23.556047,-46.629,POLICE,,Sentido ABC (Sul),10,38,R. Teixeira Leite,,,
555830231,2026-04-07 23:53:14,2026-04-07,23:53,20:53,Tuesday,-23.555852,-46.596874,POLICE,POLICE_HIDING,Sentido Centro (Norte),10,9,R. da Mooca,,,
555868129,2026-04-07 23:53:14,2026-04-07,23:53,20:53,Tuesday,-23.551858,-46.625758,POLICE,,Sentido ABC (Sul),10,30,Av. do Estado - Pista Lateral,,,
555929572,2026-04-07 23:53:14,2026-04-07,23:53,20:53,Tuesday,-23.547062,-46.600306,HAZARD,HAZARD_ON_SHOULDER_CAR_STOPPED,Sentido Centro (Norte),5,0,Av. Alcântara Machado - Pista Lateral,,,
555912204,2026-04-07 23:53:14,2026-04-07,23:53,20:53,Tuesday,-23.598857,-46.597526,POLICE,,Sentido Centro (Norte),8,3,R. das Juntas Provisórias,,,
555880066,2026-04-07 23:53:14,2026-04-07,23:53,20:53,Tuesday,-23.565014,-46.610932,HAZARD,HAZARD_ON_ROAD_POT_HOLE,Sentido Centro (Norte),10,51,Av. do Estado,,,
